Dates,Opponent,Score,Minutes,Successful Shots,Total Shots,3 Points Succesful,Total 3 Points,Successful FT,Total FT,REB,AST,BLK,STL,PF,TO,PTS,Type,Result,Score GS,Score Opponent
10/28/2009,HOU,L 107-108,36,7,12,0,1,0,0,2,7,0,4,2,2,14,REGULAR SEASON STATS,L,107,108
10/30/2009,PHX,L 101-123,39,5,9,2,3,0,0,2,4,0,1,5,3,12,REGULAR SEASON STATS,L,101,123
11/4/2009,MEM,W 113-105,28,3,6,1,2,0,0,5,9,0,2,4,1,7,REGULAR SEASON STATS,W,113,105
11/6/2009,LAC,L 90-118,22,1,5,0,1,3,4,1,3,0,0,6,0,5,REGULAR SEASON STATS,L,90,118
11/8/2009,SAC,L 107-120,31,4,8,1,2,0,2,4,6,0,0,4,5,9,REGULAR SEASON STATS,L,107,120
11/9/2009,MIN,W 146-105,30,2,8,1,2,3,4,2,5,0,1,1,2,8,REGULAR SEASON STATS,W,146,105
11/11/2009,IND,L 94-108,21,3,7,0,2,0,0,1,4,0,1,2,3,6,REGULAR SEASON STATS,L,94,108
11/13/2009,NY,W 121-107,3,0,0,0,0,0,0,0,0,1,0,1,0,0,REGULAR SEASON STATS,W,121,107
11/14/2009,MIL,L 125-129,26,6,9,2,2,0,0,4,2,1,2,5,1,14,REGULAR SEASON STATS,L,125,129
11/17/2009,CLE,L 108-114,41,6,10,2,6,0,1,5,7,0,0,2,3,14,REGULAR SEASON STATS,L,108,114
11/18/2009,BOS,L 95-109,35,4,10,1,4,4,4,0,7,0,4,3,6,13,REGULAR SEASON STATS,L,95,109
11/20/2009,POR,W 108-94,46,3,9,2,3,4,5,6,8,1,1,6,1,12,REGULAR SEASON STATS,W,108,94
11/24/2009,DAL,W 111-103,35,6,12,2,4,4,4,4,6,0,3,5,4,18,REGULAR SEASON STATS,W,111,103
11/25/2009,SA,L 104-118,34,5,16,1,4,0,0,7,5,2,1,3,6,11,REGULAR SEASON STATS,L,104,118
11/28/2009,LAL,L 97-130,36,5,15,1,5,2,2,4,8,0,0,0,1,13,REGULAR SEASON STATS,L,97,130
11/30/2009,IND,W 126-107,20,2,5,1,2,2,2,2,4,0,3,2,2,7,REGULAR SEASON STATS,W,126,107
12/1/2009,DEN,L 107-135,41,4,14,2,6,0,0,4,6,2,2,2,1,10,REGULAR SEASON STATS,L,107,135
12/3/2009,HOU,L 109-111,32,4,8,1,3,2,2,5,2,1,2,3,4,11,REGULAR SEASON STATS,L,109,111
12/5/2009,ORL,L 118-126,46,6,12,0,2,1,1,3,3,0,1,4,3,13,REGULAR SEASON STATS,L,118,126
12/7/2009,OKC,L 88-104,36,9,14,2,4,2,2,4,2,0,4,5,5,22,REGULAR SEASON STATS,L,88,104
12/9/2009,NJ,W 105-89,30,6,13,1,4,1,2,4,4,0,3,4,4,14,REGULAR SEASON STATS,W,105,89
12/11/2009,CHI,L 91-96,27,3,9,0,3,0,0,3,1,0,1,0,0,6,REGULAR SEASON STATS,L,91,96
12/12/2009,DET,L 95-104,38,5,10,3,4,6,6,2,4,1,4,4,4,19,REGULAR SEASON STATS,L,95,104
12/14/2009,PHI,L 101-117,36,5,13,1,4,3,4,4,4,1,4,5,4,14,REGULAR SEASON STATS,L,101,117
12/16/2009,SA,L 91-103,25,4,11,0,2,0,0,4,3,0,4,5,1,8,REGULAR SEASON STATS,L,91,103
12/18/2009,WSH,L 109-118,46,9,17,5,9,4,4,8,4,0,3,4,2,27,REGULAR SEASON STATS,L,109,118
12/22/2009,MEM,L 108-121,41,6,15,2,6,0,0,7,8,0,0,2,4,14,REGULAR SEASON STATS,L,108,121
12/23/2009,NO,L 102-108,47,6,13,3,5,2,2,10,7,0,2,5,2,17,REGULAR SEASON STATS,L,102,108
12/26/2009,PHX,W 132-127,27,4,10,3,4,2,2,3,4,0,3,4,1,13,REGULAR SEASON STATS,W,132,127
12/28/2009,BOS,W 103-99,11,0,4,0,1,0,1,2,0,0,1,3,1,0,REGULAR SEASON STATS,W,103,99
12/29/2009,LAL,L 118-124,23,6,10,0,1,3,3,3,3,0,0,3,4,15,REGULAR SEASON STATS,L,118,124
1/2/2010,POR,L 89-105,29,4,10,1,2,0,0,1,1,0,1,4,3,9,REGULAR SEASON STATS,L,89,105
1/5/2010,DEN,L 122-123,40,10,13,6,6,0,0,5,6,0,3,3,2,26,REGULAR SEASON STATS,L,122,123
1/6/2010,MIN,W 107-101,30,7,11,0,2,2,2,1,4,0,2,6,1,16,REGULAR SEASON STATS,W,107,101
1/8/2010,SAC,W 108-101,34,5,10,1,2,1,2,3,4,0,1,3,2,12,REGULAR SEASON STATS,W,108,101
1/11/2010,CLE,L 114-117,36,8,15,1,2,4,5,7,5,1,1,4,2,21,REGULAR SEASON STATS,L,114,117
1/13/2010,MIA,L 102-115,33,3,10,3,5,0,0,4,4,0,0,1,4,9,REGULAR SEASON STATS,L,102,115
1/15/2010,MIL,L 104-113,48,7,17,1,4,3,3,6,4,1,6,6,4,18,REGULAR SEASON STATS,L,104,113
1/18/2010,CHI,W 114-97,43,9,18,5,8,3,3,10,6,1,1,4,5,26,REGULAR SEASON STATS,W,114,97
1/20/2010,DEN,L 118-123,49,6,17,3,8,0,0,3,6,0,1,2,3,15,REGULAR SEASON STATS,L,118,123
1/22/2010,NJ,W 111-79,48,11,21,3,7,7,8,2,7,0,4,4,2,32,REGULAR SEASON STATS,W,111,79
1/23/2010,PHX,L 103-112,40,10,25,4,9,1,1,5,2,0,0,4,1,25,REGULAR SEASON STATS,L,103,112
1/26/2010,SAC,L 96-99,45,10,22,3,10,4,5,9,6,0,3,3,1,27,REGULAR SEASON STATS,L,96,99
1/27/2010,NO,L 110-123,41,7,13,1,3,0,0,5,8,0,3,4,5,15,REGULAR SEASON STATS,L,110,123
1/29/2010,CHA,L 110-121,41,8,15,2,4,4,4,1,9,0,3,3,1,22,REGULAR SEASON STATS,L,110,121
1/31/2010,OKC,L 104-112,36,4,10,2,2,4,4,4,5,0,1,2,5,14,REGULAR SEASON STATS,L,104,112
2/2/2010,HOU,L 97-119,30,6,18,2,5,0,0,2,4,0,1,1,0,14,REGULAR SEASON STATS,L,97,119
2/3/2010,DAL,L 101-110,27,1,6,0,2,4,4,0,3,0,0,2,3,6,REGULAR SEASON STATS,L,101,110
2/6/2010,OKC,L 95-104,27,9,15,3,7,2,3,1,4,0,2,3,3,23,REGULAR SEASON STATS,L,95,104
2/8/2010,DAL,L 117-127,48,9,20,1,5,6,6,2,9,0,2,4,3,25,REGULAR SEASON STATS,L,117,127
2/10/2010,LAC,W 132-102,46,11,22,7,11,7,8,10,13,0,3,4,6,36,REGULAR SEASON STATS,W,132,102
2/16/2010,LAL,L 94-104,44,5,21,1,10,0,0,10,8,0,1,5,4,11,REGULAR SEASON STATS,L,94,104
2/17/2010,SAC,W 130-98,40,10,15,1,4,3,3,6,15,0,3,2,3,24,REGULAR SEASON STATS,W,130,98
2/19/2010,UTAH,L 89-100,39,4,9,3,6,2,2,6,7,0,3,1,10,13,REGULAR SEASON STATS,L,89,100
2/21/2010,ATL,W 108-104,45,13,18,1,3,5,5,9,3,0,1,3,5,32,REGULAR SEASON STATS,W,108,104
2/23/2010,PHI,L 102-110,38,8,22,1,8,0,1,6,5,0,0,2,2,17,REGULAR SEASON STATS,L,102,110
2/25/2010,DEN,L 112-127,42,11,19,2,5,6,6,7,13,1,2,1,2,30,REGULAR SEASON STATS,L,112,127
2/27/2010,DET,W 95-88,48,11,25,3,6,2,3,5,4,0,1,4,5,27,REGULAR SEASON STATS,W,95,88
3/2/2010,MIA,L 106-110,43,7,17,3,8,1,1,2,8,0,2,5,3,18,REGULAR SEASON STATS,L,106,110
3/3/2010,ORL,L 90-117,32,3,12,1,2,2,2,3,7,0,2,2,5,9,REGULAR SEASON STATS,L,90,117
3/5/2010,ATL,L 122-127,48,11,19,5,9,4,4,5,11,0,2,1,7,31,REGULAR SEASON STATS,L,122,127
3/6/2010,CHA,L 90-101,48,8,23,4,8,5,6,5,4,0,0,1,3,25,REGULAR SEASON STATS,L,90,101
3/8/2010,NO,L 131-135,34,5,13,2,4,0,0,3,6,0,1,2,4,12,REGULAR SEASON STATS,L,131,135
3/11/2010,POR,L 105-110,33,6,15,2,7,1,1,5,3,0,2,5,4,15,REGULAR SEASON STATS,L,105,110
3/13/2010,TOR,W 124-112,42,13,21,5,8,4,4,6,10,1,4,1,2,35,REGULAR SEASON STATS,W,124,112
3/15/2010,LAL,L 121-124,34,11,19,5,9,2,2,5,9,0,1,4,0,29,REGULAR SEASON STATS,L,121,124
3/17/2010,NO,W 131-121,0,0,0,0,0,0,0,0,0,0,0,0,0,0,REGULAR SEASON STATS,W,131,121
3/19/2010,SA,L 116-147,0,0,0,0,0,0,0,0,0,0,0,0,0,0,REGULAR SEASON STATS,L,116,147
3/20/2010,MEM,L 107-123,25,4,10,1,3,0,0,4,6,1,0,2,2,9,REGULAR SEASON STATS,L,107,123
3/22/2010,PHX,L 131-133,34,6,15,2,5,0,0,4,8,0,4,4,1,14,REGULAR SEASON STATS,L,131,133
3/24/2010,MEM,W 128-110,40,12,19,4,6,2,2,5,11,0,4,3,7,30,REGULAR SEASON STATS,W,128,110
3/27/2010,DAL,L 90-111,37,6,16,3,5,2,2,7,6,0,2,1,7,17,REGULAR SEASON STATS,L,90,111
3/28/2010,LAC,W 121-103,40,8,15,2,2,0,0,4,7,0,1,5,3,18,REGULAR SEASON STATS,W,121,103
3/31/2010,UTAH,L 104-128,34,6,16,1,4,2,3,2,6,0,0,5,4,15,REGULAR SEASON STATS,L,104,128
4/2/2010,NY,W 128-117,29,7,21,1,5,0,0,4,10,0,1,1,2,15,REGULAR SEASON STATS,W,128,117
4/4/2010,TOR,W 113-112,44,10,23,5,11,4,6,8,12,2,3,4,5,29,REGULAR SEASON STATS,W,113,112
4/6/2010,WSH,L 94-112,33,10,21,3,6,4,4,1,4,0,2,2,2,27,REGULAR SEASON STATS,L,94,112
4/7/2010,MIN,W 116-107,44,12,22,3,5,0,0,8,14,0,7,4,4,27,REGULAR SEASON STATS,W,116,107
4/10/2010,LAC,L 104-107,41,10,19,5,10,4,4,9,4,0,3,5,3,29,REGULAR SEASON STATS,L,104,107
4/11/2010,OKC,W 120-117,35,9,16,3,6,4,6,7,7,0,1,2,5,25,REGULAR SEASON STATS,W,120,117
4/13/2010,UTAH,L 94-103,41,5,15,1,4,6,6,5,6,0,2,4,2,17,REGULAR SEASON STATS,L,94,103
4/14/2010,POR,W 122-116,48,13,25,4,6,12,12,9,8,1,2,0,2,42,REGULAR SEASON STATS,W,122,116
10/27/2010,HOU,W 132-128,39,9,16,3,6,4,4,2,11,1,0,4,5,25,REGULAR SEASON STATS,W,132,128
10/29/2010,LAC,W 109-91,27,7,9,1,3,1,3,2,6,0,2,2,2,16,REGULAR SEASON STATS,W,109,91
10/31/2010,LAL,L 83-107,0,0,0,0,0,0,0,0,0,0,0,0,0,0,REGULAR SEASON STATS,L,83,107
11/3/2010,MEM,W 115-109,0,0,0,0,0,0,0,0,0,0,0,0,0,0,REGULAR SEASON STATS,W,115,109
11/5/2010,UTAH,W 85-78,33,7,17,1,4,5,5,1,6,0,2,5,5,20,REGULAR SEASON STATS,W,85,78
11/7/2010,DET,L 97-102,29,3,12,0,3,4,4,4,6,0,2,4,2,10,REGULAR SEASON STATS,L,97,102
11/8/2010,TOR,W 109-102,36,12,21,2,4,8,8,5,4,0,3,2,5,34,REGULAR SEASON STATS,W,109,102
11/10/2010,NY,W 122-117,45,11,20,1,1,2,3,6,8,1,2,4,2,25,REGULAR SEASON STATS,W,122,117
11/11/2010,CHI,L 90-120,31,7,18,2,5,1,2,3,6,0,5,2,5,17,REGULAR SEASON STATS,L,90,120
11/13/2010,MIL,L 72-79,30,3,14,0,3,1,2,2,4,1,3,5,2,7,REGULAR SEASON STATS,L,72,79
11/15/2010,DET,W 101-97,30,7,14,2,3,5,5,5,4,0,2,6,3,21,REGULAR SEASON STATS,W,101,97
11/19/2010,NY,L 119-125,42,9,21,3,6,8,9,5,8,0,1,4,4,29,REGULAR SEASON STATS,L,119,125
11/21/2010,LAL,L 89-117,24,5,10,1,3,2,2,3,2,2,1,3,0,13,REGULAR SEASON STATS,L,89,117
11/22/2010,DEN,L 89-106,41,8,21,1,6,0,0,7,5,0,3,3,2,17,REGULAR SEASON STATS,L,89,106
11/24/2010,HOU,L 101-111,36,8,19,0,2,5,5,4,6,0,4,6,1,21,REGULAR SEASON STATS,L,101,111
11/26/2010,MEM,L 111-116,30,8,13,4,5,6,6,2,4,0,1,5,3,26,REGULAR SEASON STATS,L,111,116
11/27/2010,MIN,W 104-94,28,6,10,2,3,6,7,3,7,0,3,5,1,20,REGULAR SEASON STATS,W,104,94
11/30/2010,SA,L 98-118,40,13,22,3,6,3,3,3,5,1,1,2,5,32,REGULAR SEASON STATS,L,98,118
12/2/2010,PHX,L 101-107,34,4,10,1,3,0,0,1,7,0,4,4,4,9,REGULAR SEASON STATS,L,101,107
12/5/2010,OKC,L 109-114,46,14,20,4,7,7,7,1,6,1,2,5,5,39,REGULAR SEASON STATS,L,109,114
12/7/2010,DAL,L 100-105,42,8,16,3,5,2,2,6,4,0,2,2,6,21,REGULAR SEASON STATS,L,100,105
12/8/2010,SA,L 94-111,11,0,2,0,0,0,0,1,3,0,0,2,2,0,REGULAR SEASON STATS,L,94,111
12/10/2010,MIA,L 84-106,0,0,0,0,0,0,0,0,0,0,0,0,0,0,REGULAR SEASON STATS,L,84,106
12/13/2010,UTAH,L 95-108,0,0,0,0,0,0,0,0,0,0,0,0,0,0,REGULAR SEASON STATS,L,95,108
12/14/2010,MIN,W 108-99,0,0,0,0,0,0,0,0,0,0,0,0,0,0,REGULAR SEASON STATS,W,108,99
12/18/2010,POR,L 95-96,0,0,0,0,0,0,0,0,0,0,0,0,0,0,REGULAR SEASON STATS,L,95,96
12/20/2010,HOU,L 112-121,0,0,0,0,0,0,0,0,0,0,0,0,0,0,REGULAR SEASON STATS,L,112,121
12/21/2010,SAC,W 117-109,0,0,0,0,0,0,0,0,0,0,0,0,0,0,REGULAR SEASON STATS,W,117,109
12/25/2010,POR,W 109-102,29,2,15,0,5,0,0,4,11,0,0,2,2,4,REGULAR SEASON STATS,W,109,102
12/27/2010,PHI,W 110-95,28,5,13,4,6,3,3,5,8,0,1,5,2,17,REGULAR SEASON STATS,W,110,95
12/29/2010,ATL,L 93-103,29,4,13,0,3,1,1,5,12,0,0,2,3,9,REGULAR SEASON STATS,L,93,103
12/31/2010,CHA,W 96-95,36,10,17,4,5,0,0,1,3,0,1,3,3,24,REGULAR SEASON STATS,W,96,95
1/1/2011,MIA,L 107-114,36,7,12,1,2,0,0,2,6,0,3,5,1,15,REGULAR SEASON STATS,L,107,114
1/3/2011,ORL,L 90-110,35,5,13,3,6,2,2,6,5,0,2,3,5,15,REGULAR SEASON STATS,L,90,110
1/5/2011,NO,W 110-103,40,6,11,1,3,8,8,3,5,0,4,3,2,21,REGULAR SEASON STATS,W,110,103
1/7/2011,CLE,W 116-98,25,4,7,3,4,4,4,2,4,1,2,2,0,15,REGULAR SEASON STATS,W,116,98
1/9/2011,LAC,L 91-105,26,2,13,0,6,4,5,5,4,0,1,4,2,8,REGULAR SEASON STATS,L,91,105
1/12/2011,LAL,L 110-115,38,5,12,1,6,4,4,4,10,0,2,3,3,15,REGULAR SEASON STATS,L,110,115
1/14/2011,LAC,W 122-112,27,7,15,5,7,4,4,4,4,0,1,2,2,23,REGULAR SEASON STATS,W,122,112
1/17/2011,NJ,W 109-100,23,4,10,2,5,3,4,2,6,1,0,4,2,13,REGULAR SEASON STATS,W,109,100
1/19/2011,IND,W 110-108,33,4,10,0,3,3,3,4,8,0,2,1,1,11,REGULAR SEASON STATS,W,110,108
1/21/2011,SAC,W 119-112,44,12,21,3,7,7,7,3,3,0,4,2,4,34,REGULAR SEASON STATS,W,119,112
1/22/2011,LAC,L 109-113,41,12,23,3,9,5,5,6,8,1,1,5,2,32,REGULAR SEASON STATS,L,109,113
1/24/2011,SA,L 102-113,36,6,15,2,5,0,0,6,5,1,0,4,4,14,REGULAR SEASON STATS,L,102,113
1/26/2011,NO,L 103-112,39,8,13,1,3,3,3,3,6,0,2,1,5,20,REGULAR SEASON STATS,L,103,112
1/28/2011,CHA,L 113-121,43,8,12,4,5,7,7,3,5,0,2,5,3,27,REGULAR SEASON STATS,L,113,121
1/30/2011,UTAH,W 96-81,35,10,18,3,8,4,4,6,7,1,2,2,2,27,REGULAR SEASON STATS,W,96,81
2/3/2011,MIL,W 100-94,34,6,11,2,4,2,2,5,5,1,1,2,7,16,REGULAR SEASON STATS,W,100,94
2/5/2011,CHI,W 101-90,44,9,15,2,4,3,3,6,8,0,1,1,2,23,REGULAR SEASON STATS,W,101,90
2/7/2011,PHX,L 92-104,44,7,17,0,6,1,1,2,8,0,1,1,5,15,REGULAR SEASON STATS,L,92,104
2/9/2011,DEN,W 116-114,29,5,9,1,3,2,2,1,2,0,0,4,3,13,REGULAR SEASON STATS,W,116,114
2/10/2011,PHX,L 88-112,25,5,9,2,3,0,0,2,2,0,1,0,4,12,REGULAR SEASON STATS,L,88,112
2/13/2011,OKC,W 100-94,38,10,18,2,5,1,1,2,13,0,2,2,0,23,REGULAR SEASON STATS,W,100,94
2/15/2011,NO,W 102-89,24,5,5,3,3,1,1,0,8,0,1,3,3,14,REGULAR SEASON STATS,W,102,89
2/16/2011,UTAH,W 107-100,22,1,7,0,3,2,2,0,4,0,2,5,1,4,REGULAR SEASON STATS,W,107,100
2/22/2011,BOS,L 93-115,30,7,10,1,2,3,5,4,2,0,1,4,5,18,REGULAR SEASON STATS,L,93,115
2/25/2011,ATL,L 79-95,30,2,7,0,2,3,3,2,5,0,0,1,3,7,REGULAR SEASON STATS,L,79,95
2/27/2011,MIN,L 123-126,45,13,21,5,7,2,2,11,2,0,2,1,2,33,REGULAR SEASON STATS,L,123,126
3/1/2011,IND,L 100-109,35,7,17,4,8,2,2,6,7,1,0,5,5,20,REGULAR SEASON STATS,L,100,109
3/2/2011,WSH,W 106-102,37,9,18,3,7,8,9,9,5,0,1,2,3,29,REGULAR SEASON STATS,W,106,102
3/4/2011,BOS,L 103-107,32,4,11,1,4,0,0,3,5,0,0,3,4,9,REGULAR SEASON STATS,L,103,107
3/6/2011,PHI,L 117-125,35,8,16,1,3,5,5,1,7,2,0,3,4,22,REGULAR SEASON STATS,L,117,125
3/8/2011,CLE,W 95-85,39,10,18,2,5,1,1,7,6,1,2,3,3,23,REGULAR SEASON STATS,W,95,85
3/9/2011,NJ,L 90-94,30,6,15,2,4,1,1,3,3,0,2,3,3,15,REGULAR SEASON STATS,L,90,94
3/11/2011,ORL,W 123-120,40,8,19,4,10,2,2,4,12,0,3,4,5,22,REGULAR SEASON STATS,W,123,120
3/13/2011,MIN,W 100-77,38,8,15,4,6,4,4,9,6,0,2,2,1,24,REGULAR SEASON STATS,W,100,77
3/14/2011,SAC,L 119-129,24,7,14,5,8,0,0,3,1,1,1,1,3,19,REGULAR SEASON STATS,L,119,129
3/16/2011,DAL,L 106-112,32,4,10,2,4,0,1,0,5,0,1,2,3,10,REGULAR SEASON STATS,L,106,112
3/18/2011,PHX,L 97-108,35,6,13,2,5,1,1,2,5,0,0,3,2,15,REGULAR SEASON STATS,L,97,108
3/20/2011,DAL,L 73-101,31,4,12,1,3,2,3,6,6,0,0,4,2,11,REGULAR SEASON STATS,L,73,101
3/21/2011,SA,L 96-111,20,3,8,1,2,1,1,0,2,0,0,4,1,8,REGULAR SEASON STATS,L,96,111
3/23/2011,HOU,L 112-131,30,7,16,2,3,0,0,6,6,0,1,4,4,16,REGULAR SEASON STATS,L,112,131
3/25/2011,TOR,W 138-100,36,7,13,4,6,5,5,3,8,0,0,2,3,23,REGULAR SEASON STATS,W,138,100
3/27/2011,WSH,W 114-104,28,3,11,1,4,3,3,5,4,1,1,5,5,10,REGULAR SEASON STATS,W,114,104
3/29/2011,OKC,L 114-115,49,13,23,5,8,4,4,6,5,0,2,3,6,35,REGULAR SEASON STATS,L,114,115
3/30/2011,MEM,L 91-110,31,2,14,1,6,1,1,6,9,0,1,4,6,6,REGULAR SEASON STATS,L,91,110
4/2/2011,DAL,W 99-92,32,3,8,1,3,5,5,4,8,0,2,5,3,12,REGULAR SEASON STATS,W,99,92
4/5/2011,POR,W 108-87,42,10,21,3,5,5,6,8,4,1,2,2,2,28,REGULAR SEASON STATS,W,108,87
4/6/2011,LAL,W 95-87,42,8,23,2,6,2,2,6,5,0,2,3,2,20,REGULAR SEASON STATS,W,95,87
4/10/2011,SAC,L 103-104,32,11,17,3,6,2,2,6,8,0,1,4,3,27,REGULAR SEASON STATS,L,103,104
4/11/2011,DEN,L 111-134,36,10,13,3,4,4,4,5,5,0,0,1,5,27,REGULAR SEASON STATS,L,111,134
4/13/2011,POR,W 110-86,24,7,11,2,4,2,2,3,9,0,0,4,1,18,REGULAR SEASON STATS,W,110,86
12/25/2011,LAC,L 86-105,33,2,12,0,4,0,1,5,4,2,2,4,5,4,REGULAR SEASON STATS,L,86,105
12/26/2011,CHI,W 99-91,37,7,12,1,3,6,7,7,10,0,6,4,4,21,REGULAR SEASON STATS,W,99,91
12/28/2011,NY,W 92-78,0,0,0,0,0,0,0,0,0,0,0,0,0,0,REGULAR SEASON STATS,W,92,78
12/31/2011,PHI,L 79-107,30,9,15,3,8,0,0,4,4,0,0,3,5,21,REGULAR SEASON STATS,L,79,107
1/2/2012,PHX,L 91-102,23,4,8,2,3,0,0,2,2,0,1,5,2,10,REGULAR SEASON STATS,L,91,102
1/4/2012,SA,L 95-101,30,7,11,3,4,3,3,3,8,0,0,2,2,20,REGULAR SEASON STATS,L,95,101
1/6/2012,LAL,L 90-97,0,0,0,0,0,0,0,0,0,0,0,0,0,0,REGULAR SEASON STATS,L,90,97
1/7/2012,UTAH,L 87-88,0,0,0,0,0,0,0,0,0,0,0,0,0,0,REGULAR SEASON STATS,L,87,88
1/10/2012,MIA,W 111-106,0,0,0,0,0,0,0,0,0,0,0,0,0,0,REGULAR SEASON STATS,W,111,106
1/12/2012,ORL,L 109-117,0,0,0,0,0,0,0,0,0,0,0,0,0,0,REGULAR SEASON STATS,L,109,117
1/14/2012,CHA,L 100-112,0,0,0,0,0,0,0,0,0,0,0,0,0,0,REGULAR SEASON STATS,L,100,112
1/15/2012,DET,W 99-91,0,0,0,0,0,0,0,0,0,0,0,0,0,0,REGULAR SEASON STATS,W,99,91
1/17/2012,CLE,W 105-95,0,0,0,0,0,0,0,0,0,0,0,0,0,0,REGULAR SEASON STATS,W,105,95
1/18/2012,NJ,L 100-107,0,0,0,0,0,0,0,0,0,0,0,0,0,0,REGULAR SEASON STATS,L,100,107
1/20/2012,IND,L 91-94,29,5,15,2,6,0,0,2,3,0,0,2,3,12,REGULAR SEASON STATS,L,91,94
1/23/2012,MEM,L 90-91,36,8,18,2,7,0,0,6,5,0,3,3,5,18,REGULAR SEASON STATS,L,90,91
1/25/2012,POR,W 101-93,38,12,19,6,8,2,3,6,7,0,4,0,1,32,REGULAR SEASON STATS,W,101,93
1/27/2012,OKC,L 109-120,27,6,16,2,7,1,1,2,6,0,2,4,4,15,REGULAR SEASON STATS,L,109,120
1/31/2012,SAC,W 93-90,26,1,7,0,3,1,2,3,8,1,1,1,0,3,REGULAR SEASON STATS,W,93,90
2/2/2012,UTAH,W 119-101,38,10,14,2,5,7,8,5,12,0,3,4,3,29,REGULAR SEASON STATS,W,119,101
2/4/2012,SAC,L 106-114,29,4,14,3,8,0,0,2,9,0,4,1,5,11,REGULAR SEASON STATS,L,106,114
2/7/2012,OKC,L 116-119,43,7,9,1,2,1,2,7,10,0,2,3,3,16,REGULAR SEASON STATS,L,116,119
2/9/2012,DEN,W 109-101,36,13,17,6,9,4,7,7,7,2,0,3,1,36,REGULAR SEASON STATS,W,109,101
2/12/2012,HOU,W 106-97,34,5,14,3,6,1,1,0,5,0,2,4,2,14,REGULAR SEASON STATS,W,106,97
2/13/2012,PHX,W 102-96,32,3,10,1,4,2,2,7,5,0,1,2,2,9,REGULAR SEASON STATS,W,102,96
2/15/2012,POR,L 91-93,38,3,10,0,2,2,2,3,8,2,2,2,2,8,REGULAR SEASON STATS,L,91,93
2/17/2012,OKC,L 87-110,28,4,13,3,5,0,0,2,4,0,0,2,4,11,REGULAR SEASON STATS,L,87,110
2/18/2012,MEM,L 103-104,40,13,21,6,9,4,4,2,6,0,2,5,2,36,REGULAR SEASON STATS,L,103,104
2/20/2012,LAC,W 104-97,33,3,6,3,5,2,2,3,6,1,0,3,3,11,REGULAR SEASON STATS,W,104,97
2/22/2012,PHX,W 106-104,10,3,7,1,3,2,2,0,2,0,2,1,1,9,REGULAR SEASON STATS,W,106,104
2/28/2012,IND,L 78-102,0,0,0,0,0,0,0,0,0,0,0,0,0,0,REGULAR SEASON STATS,L,78,102
2/29/2012,ATL,W 85-82,0,0,0,0,0,0,0,0,0,0,0,0,0,0,REGULAR SEASON STATS,W,85,82
3/2/2012,PHI,L 83-105,0,0,0,0,0,0,0,0,0,0,0,0,0,0,REGULAR SEASON STATS,L,83,105
3/4/2012,TOR,L 75-83,0,0,0,0,0,0,0,0,0,0,0,0,0,0,REGULAR SEASON STATS,L,75,83
3/5/2012,WSH,W 120-100,9,5,7,2,3,0,0,1,1,0,1,1,0,12,REGULAR SEASON STATS,W,120,100
3/7/2012,MEM,L 92-110,24,7,11,1,2,0,0,4,3,0,0,3,2,15,REGULAR SEASON STATS,L,92,110
3/10/2012,DAL,W 111-87,16,4,7,2,4,0,0,2,2,0,1,0,3,10,REGULAR SEASON STATS,W,111,87
3/11/2012,LAC,W 97-93,9,0,3,0,1,0,0,3,1,0,0,0,1,0,REGULAR SEASON STATS,W,97,93
3/13/2012,SAC,W 115-89,0,0,0,0,0,0,0,0,0,0,0,0,0,0,REGULAR SEASON STATS,W,115,89
3/14/2012,BOS,L 103-105,0,0,0,0,0,0,0,0,0,0,0,0,0,0,REGULAR SEASON STATS,L,103,105
3/16/2012,MIL,L 98-120,0,0,0,0,0,0,0,0,0,0,0,0,0,0,REGULAR SEASON STATS,L,98,120
3/17/2012,UTAH,L 92-99,0,0,0,0,0,0,0,0,0,0,0,0,0,0,REGULAR SEASON STATS,L,92,99
3/19/2012,MIN,L 93-97,0,0,0,0,0,0,0,0,0,0,0,0,0,0,REGULAR SEASON STATS,L,93,97
3/21/2012,NO,W 101-92,0,0,0,0,0,0,0,0,0,0,0,0,0,0,REGULAR SEASON STATS,W,101,92
3/22/2012,HOU,L 83-109,0,0,0,0,0,0,0,0,0,0,0,0,0,0,REGULAR SEASON STATS,L,83,109
3/24/2012,SAC,W 111-108,0,0,0,0,0,0,0,0,0,0,0,0,0,0,REGULAR SEASON STATS,W,111,108
3/25/2012,POR,L 87-90,0,0,0,0,0,0,0,0,0,0,0,0,0,0,REGULAR SEASON STATS,L,87,90
3/27/2012,LAL,L 101-104,0,0,0,0,0,0,0,0,0,0,0,0,0,0,REGULAR SEASON STATS,L,101,104
3/28/2012,NO,L 87-102,0,0,0,0,0,0,0,0,0,0,0,0,0,0,REGULAR SEASON STATS,L,87,102
3/30/2012,NJ,L 100-102,0,0,0,0,0,0,0,0,0,0,0,0,0,0,REGULAR SEASON STATS,L,100,102
4/1/2012,LAL,L 112-120,0,0,0,0,0,0,0,0,0,0,0,0,0,0,REGULAR SEASON STATS,L,112,120
4/3/2012,MEM,L 94-98,0,0,0,0,0,0,0,0,0,0,0,0,0,0,REGULAR SEASON STATS,L,94,98
4/4/2012,MIN,W 97-94,0,0,0,0,0,0,0,0,0,0,0,0,0,0,REGULAR SEASON STATS,W,97,94
4/6/2012,UTAH,L 98-104,0,0,0,0,0,0,0,0,0,0,0,0,0,0,REGULAR SEASON STATS,L,98,104
4/7/2012,DEN,W 112-97,0,0,0,0,0,0,0,0,0,0,0,0,0,0,REGULAR SEASON STATS,W,112,97
4/9/2012,DEN,L 84-123,0,0,0,0,0,0,0,0,0,0,0,0,0,0,REGULAR SEASON STATS,L,84,123
4/11/2012,POR,L 110-118,0,0,0,0,0,0,0,0,0,0,0,0,0,0,REGULAR SEASON STATS,L,110,118
4/12/2012,DAL,L 103-112,0,0,0,0,0,0,0,0,0,0,0,0,0,0,REGULAR SEASON STATS,L,103,112
4/14/2012,LAC,L 104-112,0,0,0,0,0,0,0,0,0,0,0,0,0,0,REGULAR SEASON STATS,L,104,112
4/16/2012,SA,L 99-120,0,0,0,0,0,0,0,0,0,0,0,0,0,0,REGULAR SEASON STATS,L,99,120
4/18/2012,LAL,L 87-99,0,0,0,0,0,0,0,0,0,0,0,0,0,0,REGULAR SEASON STATS,L,87,99
4/20/2012,DAL,L 94-104,0,0,0,0,0,0,0,0,0,0,0,0,0,0,REGULAR SEASON STATS,L,94,104
4/21/2012,HOU,L 96-99,0,0,0,0,0,0,0,0,0,0,0,0,0,0,REGULAR SEASON STATS,L,96,99
4/22/2012,MIN,W 93-88,0,0,0,0,0,0,0,0,0,0,0,0,0,0,REGULAR SEASON STATS,W,93,88
4/24/2012,NO,L 81-83,0,0,0,0,0,0,0,0,0,0,0,0,0,0,REGULAR SEASON STATS,L,81,83
4/26/2012,SA,L 101-107,0,0,0,0,0,0,0,0,0,0,0,0,0,0,REGULAR SEASON STATS,L,101,107
10/8/2012,UTAH,W 83-80,12,1,3,0,1,0,0,2,6,0,1,2,1,2,,W,83,80
10/11/2012,MCH,W 108-100,23,4,8,2,4,3,3,4,10,0,1,4,1,13,,W,108,100
10/15/2012,DEN,L 98-104,24,10,15,4,5,1,1,1,2,0,1,3,5,25,,L,98,104
10/17/2012,SAC,W 98-88,23,8,14,2,4,1,1,5,4,0,2,6,1,19,,W,98,88
10/19/2012,POR,W 101-97,12,1,2,0,0,0,0,0,4,0,0,0,2,2,,W,101,97
10/31/2012,PHX,W 87-85,30,2,14,0,6,1,3,7,3,0,2,3,4,5,REGULAR SEASON STATS,W,87,85
11/2/2012,MEM,L 94-104,43,10,20,6,10,0,1,5,7,0,1,3,4,26,REGULAR SEASON STATS,L,94,104
11/3/2012,LAC,W 114-110,43,6,16,2,7,9,10,4,4,0,3,4,5,23,REGULAR SEASON STATS,W,114,110
11/5/2012,SAC,L 92-94,39,3,15,2,6,4,5,6,8,0,1,2,3,12,REGULAR SEASON STATS,L,92,94
11/7/2012,CLE,W 106-96,36,8,14,2,6,3,3,5,6,0,2,3,3,21,REGULAR SEASON STATS,W,106,96
11/9/2012,LAL,L 77-101,30,6,16,2,6,4,4,3,5,0,1,0,0,18,REGULAR SEASON STATS,L,77,101
11/10/2012,DEN,L 101-107,37,7,17,3,6,2,2,5,3,0,3,5,4,19,REGULAR SEASON STATS,L,101,107
11/14/2012,ATL,W 92-88,33,4,12,0,5,4,4,1,7,0,3,3,4,12,REGULAR SEASON STATS,W,92,88
11/16/2012,MIN,W 106-98,29,7,12,0,3,3,3,4,6,1,1,6,3,17,REGULAR SEASON STATS,W,106,98
11/18/2012,OKC,L 109-119,33,9,17,4,8,0,0,2,6,0,0,2,3,22,REGULAR SEASON STATS,L,109,119
11/19/2012,DAL,W 105-101,43,9,21,3,7,10,10,6,9,0,2,2,4,31,REGULAR SEASON STATS,W,105,101
11/21/2012,BKN,W 102-93,42,7,13,2,4,9,10,6,4,0,0,2,2,25,REGULAR SEASON STATS,W,102,93
11/23/2012,DEN,L 91-102,26,2,5,2,2,0,0,1,3,0,0,4,4,6,REGULAR SEASON STATS,L,91,102
11/24/2012,MIN,W 96-85,39,7,19,5,10,1,1,2,6,0,1,3,3,20,REGULAR SEASON STATS,W,96,85
11/29/2012,DEN,W 106-105,45,7,17,4,7,2,2,4,10,0,4,4,3,20,REGULAR SEASON STATS,W,106,105
12/1/2012,IND,W 103-92,37,7,14,3,5,3,3,1,11,0,2,4,4,20,REGULAR SEASON STATS,W,103,92
12/3/2012,ORL,L 94-102,44,9,21,3,6,4,5,5,11,0,2,0,1,25,REGULAR SEASON STATS,L,94,102
12/5/2012,DET,W 104-97,37,7,15,4,6,4,4,3,10,0,4,2,1,22,REGULAR SEASON STATS,W,104,97
12/7/2012,BKN,W 109-102,43,10,19,5,9,3,3,4,5,0,2,1,0,28,REGULAR SEASON STATS,W,109,102
12/8/2012,WSH,W 101-97,35,7,15,2,8,6,7,3,5,0,0,1,4,22,REGULAR SEASON STATS,W,101,97
12/10/2012,CHA,W 104-96,37,10,22,4,7,3,4,7,7,0,1,5,3,27,REGULAR SEASON STATS,W,104,96
12/12/2012,MIA,W 97-95,42,4,10,1,3,0,0,3,7,0,2,0,6,9,REGULAR SEASON STATS,W,97,95
12/14/2012,ORL,L 85-99,43,8,19,2,5,7,8,3,3,0,0,0,1,25,REGULAR SEASON STATS,L,85,99
12/15/2012,ATL,W 115-93,36,6,20,3,11,3,3,8,11,0,3,1,4,18,REGULAR SEASON STATS,W,115,93
12/18/2012,NO,W 103-96,39,5,13,1,3,2,2,5,3,0,0,2,2,13,REGULAR SEASON STATS,W,103,96
12/19/2012,SAC,L 127-131,42,11,24,7,12,3,3,6,4,1,1,6,4,32,REGULAR SEASON STATS,L,127,131
12/21/2012,CHA,W 115-100,36,9,17,8,13,1,1,3,8,2,0,2,2,27,REGULAR SEASON STATS,W,115,100
12/22/2012,LAL,L 115-118,45,8,23,3,10,1,1,8,7,0,4,4,4,20,REGULAR SEASON STATS,L,115,118
12/26/2012,UTAH,W 94-83,38,7,18,4,7,5,6,8,7,1,1,0,2,23,REGULAR SEASON STATS,W,94,83
12/28/2012,PHI,W 96-89,39,5,11,1,4,0,0,5,6,0,1,3,4,11,REGULAR SEASON STATS,W,96,89
12/29/2012,BOS,W 101-83,35,8,13,4,5,2,2,4,9,2,3,3,5,22,REGULAR SEASON STATS,W,101,83
1/2/2013,LAC,W 115-94,43,11,16,6,8,3,4,6,8,0,2,3,4,31,REGULAR SEASON STATS,W,115,94
1/5/2013,LAC,L 89-115,29,4,11,1,5,1,1,0,5,0,0,0,2,10,REGULAR SEASON STATS,L,89,115
1/9/2013,MEM,L 87-94,41,10,22,4,8,0,1,4,4,0,2,2,4,24,REGULAR SEASON STATS,L,87,94
1/11/2013,POR,W 103-97,44,7,22,3,8,5,5,3,12,1,3,1,1,22,REGULAR SEASON STATS,W,103,97
1/13/2013,DEN,L 105-116,41,11,18,7,9,0,0,0,7,0,1,4,1,29,REGULAR SEASON STATS,L,105,116
1/16/2013,MIA,L 75-92,0,0,0,0,0,0,0,0,0,0,0,0,0,0,REGULAR SEASON STATS,L,75,92
1/18/2013,SA,L 88-95,0,0,0,0,0,0,0,0,0,0,0,0,0,0,REGULAR SEASON STATS,L,88,95
1/19/2013,NO,W 116-112,38,5,17,2,8,8,10,3,7,0,4,2,1,20,REGULAR SEASON STATS,W,116,112
1/21/2013,LAC,W 106-99,37,9,14,6,8,4,4,3,6,0,0,4,2,28,REGULAR SEASON STATS,W,106,99
1/23/2013,OKC,W 104-99,42,11,27,3,14,6,6,3,7,0,4,1,2,31,REGULAR SEASON STATS,W,104,99
1/25/2013,CHI,L 87-103,37,7,18,3,7,4,4,1,1,0,0,1,2,21,REGULAR SEASON STATS,L,87,103
1/26/2013,MIL,L 102-109,37,8,19,5,9,5,5,2,7,0,1,2,2,26,REGULAR SEASON STATS,L,102,109
1/28/2013,TOR,W 114-102,26,7,12,1,3,2,2,1,5,0,1,1,2,17,REGULAR SEASON STATS,W,114,102
1/29/2013,CLE,W 108-95,0,0,0,0,0,0,0,0,0,0,0,0,0,0,REGULAR SEASON STATS,W,108,95
1/31/2013,DAL,W 100-97,0,0,0,0,0,0,0,0,0,0,0,0,0,0,REGULAR SEASON STATS,W,100,97
2/2/2013,PHX,W 113-93,42,11,20,6,10,1,1,2,8,0,2,3,2,29,REGULAR SEASON STATS,W,113,93
2/5/2013,HOU,L 109-140,28,3,12,1,5,0,0,4,9,1,0,2,2,7,REGULAR SEASON STATS,L,109,140
2/6/2013,OKC,L 98-119,36,5,20,2,7,2,2,8,11,0,1,3,6,14,REGULAR SEASON STATS,L,98,119
2/8/2013,MEM,L 93-99,40,11,22,4,9,6,6,5,8,0,2,4,2,32,REGULAR SEASON STATS,L,93,99
2/9/2013,DAL,L 91-116,31,8,23,1,3,1,1,7,4,0,1,2,5,18,REGULAR SEASON STATS,L,91,116
2/12/2013,HOU,L 107-116,35,10,19,2,5,5,6,5,6,0,1,4,1,27,REGULAR SEASON STATS,L,107,116
2/19/2013,UTAH,L 101-115,38,12,22,4,9,1,1,5,4,0,1,3,4,29,REGULAR SEASON STATS,L,101,115
2/20/2013,PHX,W 108-98,41,8,16,2,6,2,2,3,11,0,1,1,2,20,REGULAR SEASON STATS,W,108,98
2/22/2013,SA,W 107-101,45,6,17,3,9,4,5,4,6,0,1,2,2,19,REGULAR SEASON STATS,W,107,101
2/24/2013,MIN,W 100-99,34,6,15,1,5,5,5,5,5,0,5,5,6,18,REGULAR SEASON STATS,W,100,99
2/26/2013,IND,L 97-108,37,14,20,7,10,3,4,2,4,1,3,3,6,38,REGULAR SEASON STATS,L,97,108
2/27/2013,NY,L 105-109,48,18,28,11,13,7,7,6,7,0,3,3,4,54,REGULAR SEASON STATS,L,105,109
3/1/2013,BOS,L 86-94,42,6,22,3,11,10,10,1,6,0,1,2,4,25,REGULAR SEASON STATS,L,86,94
3/2/2013,PHI,L 97-104,42,11,20,3,9,5,7,3,9,0,3,2,4,30,REGULAR SEASON STATS,L,97,104
3/4/2013,TOR,W 125-118,42,8,16,2,5,8,8,5,12,0,0,5,6,26,REGULAR SEASON STATS,W,125,118
3/6/2013,SAC,W 87-83,34,3,11,2,5,5,5,5,8,0,2,4,6,13,REGULAR SEASON STATS,W,87,83
3/8/2013,HOU,L 88-94,43,8,21,3,8,5,7,5,8,0,1,5,1,24,REGULAR SEASON STATS,L,88,94
3/9/2013,MIL,L 93-103,39,7,18,2,6,0,0,2,10,0,0,4,4,16,REGULAR SEASON STATS,L,93,103
3/11/2013,NY,W 92-63,37,9,18,6,10,2,2,6,3,0,1,1,2,26,REGULAR SEASON STATS,W,92,63
3/13/2013,DET,W 105-97,43,11,17,5,7,4,4,2,8,0,1,0,4,31,REGULAR SEASON STATS,W,105,97
3/15/2013,CHI,L 95-113,30,2,13,0,5,4,4,0,4,0,0,2,1,8,REGULAR SEASON STATS,L,95,113
3/17/2013,HOU,W 108-78,45,12,22,5,11,0,0,5,11,1,2,1,3,29,REGULAR SEASON STATS,W,108,78
3/18/2013,NO,W 93-72,39,10,19,6,9,4,4,7,3,0,0,3,7,30,REGULAR SEASON STATS,W,93,72
3/20/2013,SA,L 93-104,36,8,20,4,8,4,5,4,3,0,2,0,3,24,REGULAR SEASON STATS,L,93,104
3/23/2013,WSH,W 101-92,32,13,18,6,10,3,4,2,8,0,2,2,3,35,REGULAR SEASON STATS,W,101,92
3/25/2013,LAL,W 109-103,43,9,24,3,9,4,7,7,10,0,0,4,2,25,REGULAR SEASON STATS,W,109,103
3/27/2013,SAC,L 98-105,46,5,18,2,9,5,6,5,12,0,4,3,3,17,REGULAR SEASON STATS,L,98,105
3/30/2013,POR,W 125-98,37,14,22,7,12,4,4,5,6,0,1,2,3,39,REGULAR SEASON STATS,W,125,98
4/3/2013,NO,W 98-88,36,6,14,4,10,4,4,3,9,0,1,5,2,20,REGULAR SEASON STATS,W,98,88
4/5/2013,PHX,W 111-107,41,6,15,3,8,3,3,1,15,0,4,5,4,18,REGULAR SEASON STATS,W,111,107
4/7/2013,UTAH,L 90-97,45,8,19,4,9,2,2,4,5,0,1,3,5,22,REGULAR SEASON STATS,L,90,97
4/9/2013,MIN,W 105-89,39,9,21,2,9,4,5,4,10,1,1,4,3,24,REGULAR SEASON STATS,W,105,89
4/11/2013,OKC,L 97-116,35,9,18,3,6,1,1,3,7,0,2,0,4,22,REGULAR SEASON STATS,L,97,116
4/12/2013,LAL,L 116-118,44,17,31,9,15,4,4,6,9,0,3,3,1,47,REGULAR SEASON STATS,L,116,118
4/15/2013,SA,W 116-106,39,13,23,7,13,2,2,8,5,0,2,0,3,35,REGULAR SEASON STATS,W,116,106
4/17/2013,POR,W 99-88,32,5,16,4,11,1,1,2,5,0,3,2,1,15,REGULAR SEASON STATS,W,99,88
4/20/2013,DEN,L 95-97,43,7,20,4,10,1,1,4,9,0,2,2,5,19,Conference Quarterfinals,L,95,97
4/23/2013,DEN,W 131-117,42,13,23,4,10,0,0,5,13,0,3,4,1,30,Conference Quarterfinals,W,131,117
4/26/2013,DEN,W 110-108,38,8,17,4,7,9,9,6,11,0,2,4,3,29,Conference Quarterfinals,W,110,108
4/28/2013,DEN,W 115-101,33,10,16,6,11,5,5,3,7,0,4,4,2,31,Conference Quarterfinals,W,115,101
4/30/2013,DEN,L 100-107,42,7,19,1,6,0,0,4,8,1,0,5,2,15,Conference Quarterfinals,L,100,107
5/2/2013,DEN,W 92-88,42,6,14,4,8,6,6,4,8,0,2,3,7,22,Conference Quarterfinals,W,92,88
5/6/2013,SA,L 127-129,58,18,35,6,14,2,2,4,11,0,2,3,6,44,Conference Semifinals,L,127,129
5/8/2013,SA,W 100-91,43,7,20,2,6,6,9,4,4,0,1,2,2,22,Conference Semifinals,W,100,91
5/10/2013,SA,L 92-102,42,5,17,3,9,3,3,2,8,0,2,3,3,16,Conference Semifinals,L,92,102
5/12/2013,SA,W 97-87,39,7,15,5,10,3,3,6,4,0,0,2,2,22,Conference Semifinals,W,97,87
5/14/2013,SA,L 91-109,35,4,14,1,7,0,0,0,8,0,1,1,4,9,Conference Semifinals,L,91,109
5/16/2013,SA,L 82-94,40,10,25,2,8,0,0,4,6,1,1,2,3,22,Conference Semifinals,L,82,94
10/5/2013,LAL,L 95-104,15,2,6,0,4,1,1,4,2,0,2,2,1,5,,L,95,104
10/7/2013,SAC,W 94-81,27,5,12,4,7,9,10,3,6,0,0,4,5,23,,W,94,81
10/8/2013,UTAH,L 78-101,21,4,14,2,4,0,0,4,3,0,0,1,0,10,,L,78,101
10/15/2013,LAL,W 100-95,37,7,18,3,10,7,8,3,7,0,3,3,2,24,,W,100,95
10/18/2013,LAL,W 115-89,21,3,12,1,5,2,2,3,3,1,1,3,2,9,,W,115,89
10/23/2013,SAC,L 90-91,36,8,15,5,10,3,4,2,6,1,3,4,4,24,,L,90,91
10/30/2013,LAL,W 125-94,24,4,10,2,5,0,0,4,6,0,1,4,1,10,REGULAR SEASON STATS,W,125,94
10/31/2013,LAC,L 115-126,38,14,23,9,14,1,1,3,9,0,0,3,11,38,REGULAR SEASON STATS,L,115,126
11/2/2013,SAC,W 98-87,33,8,13,5,8,1,1,1,12,0,1,4,7,22,REGULAR SEASON STATS,W,98,87
11/4/2013,PHI,W 110-90,29,7,16,2,9,2,2,10,12,1,5,0,2,18,REGULAR SEASON STATS,W,110,90
11/6/2013,MIN,W 106-93,24,2,8,0,3,1,2,1,7,0,1,1,1,5,REGULAR SEASON STATS,W,106,93
11/8/2013,SA,L 74-76,0,0,0,0,0,0,0,0,0,0,0,0,0,0,REGULAR SEASON STATS,L,74,76
11/9/2013,MEM,L 90-108,34,7,18,4,10,4,4,2,5,0,3,1,3,22,REGULAR SEASON STATS,L,90,108
11/12/2013,DET,W 113-95,29,7,10,2,4,9,9,2,8,0,1,4,2,25,REGULAR SEASON STATS,W,113,95
11/14/2013,OKC,W 116-115,43,8,22,4,8,2,3,5,9,0,1,4,2,22,REGULAR SEASON STATS,W,116,115
11/16/2013,UTAH,W 102-88,39,7,20,0,5,1,2,3,11,0,1,1,0,15,REGULAR SEASON STATS,W,102,88
11/18/2013,UTAH,W 98-87,33,7,15,4,7,4,4,6,8,0,3,4,5,22,REGULAR SEASON STATS,W,98,87
11/20/2013,MEM,L 81-88,0,0,0,0,0,0,0,0,0,0,0,0,0,0,REGULAR SEASON STATS,L,81,88
11/22/2013,LAL,L 95-102,0,0,0,0,0,0,0,0,0,0,0,0,0,0,REGULAR SEASON STATS,L,95,102
11/23/2013,POR,L 101-113,37,8,21,2,9,4,5,3,11,0,1,1,5,22,REGULAR SEASON STATS,L,101,113
11/26/2013,NO,W 102-101,42,7,20,2,5,0,0,8,9,1,3,2,2,16,REGULAR SEASON STATS,W,102,101
11/27/2013,DAL,L 99-103,42,9,19,6,10,5,5,4,8,0,1,3,6,29,REGULAR SEASON STATS,L,99,103
11/29/2013,OKC,L 112-113,45,13,26,4,10,2,3,11,5,0,0,4,3,32,REGULAR SEASON STATS,L,112,113
12/1/2013,SAC,W 115-113,40,14,24,5,8,3,3,2,10,1,3,1,7,36,REGULAR SEASON STATS,W,115,113
12/3/2013,TOR,W 112-103,43,8,15,3,7,8,10,3,10,1,5,1,3,27,REGULAR SEASON STATS,W,112,103
12/6/2013,HOU,L 83-105,32,5,14,1,5,11,11,1,5,0,3,4,8,22,REGULAR SEASON STATS,L,83,105
12/7/2013,MEM,W 108-82,45,7,16,2,7,6,7,6,15,1,0,4,1,22,REGULAR SEASON STATS,W,108,82
12/9/2013,CHA,L 111-115,46,14,32,5,16,10,12,6,9,2,0,4,4,43,REGULAR SEASON STATS,L,111,115
12/11/2013,DAL,W 95-93,44,13,25,6,11,1,1,4,10,0,3,3,8,33,REGULAR SEASON STATS,W,95,93
12/13/2013,HOU,L 112-116,39,5,12,1,5,9,11,2,9,0,0,6,6,20,REGULAR SEASON STATS,L,112,116
12/15/2013,PHX,L 102-106,42,8,17,4,7,10,11,6,7,0,3,2,6,30,REGULAR SEASON STATS,L,102,106
12/17/2013,NO,W 104-93,33,11,19,2,7,4,4,4,11,0,3,3,3,28,REGULAR SEASON STATS,W,104,93
12/19/2013,SA,L 102-104,40,12,28,6,16,0,0,2,15,0,4,1,5,30,REGULAR SEASON STATS,L,102,104
12/21/2013,LAL,W 102-83,33,5,15,4,9,4,4,6,10,0,3,2,1,18,REGULAR SEASON STATS,W,102,83
12/23/2013,DEN,W 89-81,35,5,14,2,3,2,4,3,7,1,2,4,2,14,REGULAR SEASON STATS,W,89,81
12/25/2013,LAC,W 105-103,42,5,17,2,6,3,3,6,11,0,1,1,2,15,REGULAR SEASON STATS,W,105,103
12/27/2013,PHX,W 115-86,34,5,17,1,6,3,5,13,16,0,1,3,7,14,REGULAR SEASON STATS,W,115,86
12/29/2013,CLE,W 108-104,48,10,23,5,10,4,5,9,11,1,2,3,5,29,REGULAR SEASON STATS,W,108,104
12/31/2013,ORL,W 94-81,30,4,10,1,5,0,0,5,8,0,0,1,6,9,REGULAR SEASON STATS,W,94,81
1/2/2014,MIA,W 123-114,44,13,22,8,15,2,3,2,12,0,2,4,4,36,REGULAR SEASON STATS,W,123,114
1/3/2014,ATL,W 101-100,35,7,15,1,7,7,8,8,9,0,5,5,9,22,REGULAR SEASON STATS,W,101,100
1/5/2014,WSH,W 112-96,38,5,17,1,5,3,3,3,10,1,1,5,2,14,REGULAR SEASON STATS,W,112,96
1/7/2014,MIL,W 101-80,36,5,18,2,11,3,4,0,6,0,1,2,7,15,REGULAR SEASON STATS,W,101,80
1/8/2014,BKN,L 98-102,45,11,25,2,10,10,10,5,7,0,3,5,7,34,REGULAR SEASON STATS,L,98,102
1/10/2014,BOS,W 99-97,40,7,18,3,8,2,3,7,4,0,1,1,4,19,REGULAR SEASON STATS,W,99,97
1/15/2014,DEN,L 116-123,40,7,19,4,13,6,7,5,7,0,0,4,2,24,REGULAR SEASON STATS,L,116,123
1/17/2014,OKC,L 121-127,38,11,18,6,10,9,11,3,11,0,3,2,7,37,REGULAR SEASON STATS,L,121,127
1/18/2014,NO,W 97-87,38,10,22,2,9,6,6,6,8,0,4,2,0,28,REGULAR SEASON STATS,W,97,87
1/20/2014,IND,L 94-102,41,9,20,3,11,3,4,3,9,0,0,2,2,24,REGULAR SEASON STATS,L,94,102
1/24/2014,MIN,L 120-121,37,12,21,6,10,3,3,3,15,0,1,3,5,33,REGULAR SEASON STATS,L,120,121
1/26/2014,POR,W 103-88,35,13,23,5,8,7,10,7,8,0,2,1,2,38,REGULAR SEASON STATS,W,103,88
1/28/2014,WSH,L 85-88,38,8,23,2,7,5,6,2,4,0,4,5,6,23,REGULAR SEASON STATS,L,85,88
1/30/2014,LAC,W 111-92,34,8,10,4,4,2,2,4,7,1,1,3,3,22,REGULAR SEASON STATS,W,111,92
1/31/2014,UTAH,W 95-90,38,14,26,8,13,8,9,2,4,0,0,0,2,44,REGULAR SEASON STATS,W,95,90
2/4/2014,CHA,L 75-91,38,8,18,1,7,0,0,3,11,0,0,2,2,17,REGULAR SEASON STATS,L,75,91
2/6/2014,CHI,W 102-87,43,13,19,4,6,4,4,3,9,0,1,3,2,34,REGULAR SEASON STATS,W,102,87
2/8/2014,PHX,L 109-122,41,10,20,3,10,5,6,2,9,0,0,2,2,28,REGULAR SEASON STATS,L,109,122
2/10/2014,PHI,W 123-80,27,7,11,6,9,3,3,5,8,0,1,3,7,23,REGULAR SEASON STATS,W,123,80
2/12/2014,MIA,L 110-111,39,8,14,4,4,9,9,5,7,0,1,3,5,29,REGULAR SEASON STATS,L,110,111
2/16/2014,EAST,L 155-163,28,4,14,2,11,2,2,3,11,0,1,1,2,12,REGULAR SEASON STATS,L,155,163
2/19/2014,SAC,W 101-92,36,5,14,1,4,2,3,1,8,0,1,2,0,13,REGULAR SEASON STATS,W,101,92
2/20/2014,HOU,W 102-99,38,8,15,5,8,4,4,2,6,0,2,5,2,25,REGULAR SEASON STATS,W,102,99
2/22/2014,BKN,W 93-86,32,7,13,3,4,0,0,5,8,0,2,2,2,17,REGULAR SEASON STATS,W,93,86
2/24/2014,DET,W 104-96,36,6,15,3,9,4,5,8,9,0,0,0,4,19,REGULAR SEASON STATS,W,104,96
2/26/2014,CHI,L 83-103,28,2,10,1,5,0,0,3,5,0,0,0,5,5,REGULAR SEASON STATS,L,83,103
2/28/2014,NY,W 126-103,30,9,19,5,11,4,4,11,11,1,0,2,4,27,REGULAR SEASON STATS,W,126,103
3/2/2014,TOR,L 98-104,43,13,27,4,11,4,6,4,7,0,1,3,6,34,REGULAR SEASON STATS,L,98,104
3/4/2014,IND,W 98-96,32,7,18,2,5,3,3,8,6,0,2,5,4,19,REGULAR SEASON STATS,W,98,96
3/5/2014,BOS,W 108-88,22,6,10,1,4,1,1,3,4,0,1,3,0,14,REGULAR SEASON STATS,W,108,88
3/7/2014,ATL,W 111-97,30,5,10,1,4,2,2,3,7,0,1,1,0,13,REGULAR SEASON STATS,W,111,97
3/9/2014,PHX,W 113-107,30,7,16,1,5,3,3,2,9,0,0,1,1,18,REGULAR SEASON STATS,W,113,107
3/11/2014,DAL,W 108-85,22,4,12,1,5,1,1,2,4,0,3,1,3,10,REGULAR SEASON STATS,W,108,85
3/12/2014,LAC,L 98-111,29,5,11,2,5,1,1,5,11,0,1,3,4,13,REGULAR SEASON STATS,L,98,111
3/14/2014,CLE,L 94-103,36,8,17,5,10,6,7,4,8,0,3,1,4,27,REGULAR SEASON STATS,L,94,103
3/16/2014,POR,W 113-112,40,11,24,6,12,9,9,4,5,0,1,4,5,37,REGULAR SEASON STATS,W,113,112
3/18/2014,ORL,W 103-89,32,9,13,3,6,2,2,3,5,0,0,1,3,23,REGULAR SEASON STATS,W,103,89
3/20/2014,MIL,W 115-110,38,9,14,3,5,10,10,3,10,0,1,2,4,31,REGULAR SEASON STATS,W,115,110
3/22/2014,SA,L 90-99,39,5,13,1,4,9,9,6,6,0,1,0,6,20,REGULAR SEASON STATS,L,90,99
3/28/2014,MEM,W 100-93,38,13,22,5,8,2,3,5,8,2,1,1,3,33,REGULAR SEASON STATS,W,100,93
3/30/2014,NY,L 84-89,41,10,21,6,12,6,8,4,1,0,1,2,2,32,REGULAR SEASON STATS,L,84,89
4/1/2014,DAL,W 122-120,43,10,17,3,8,0,0,3,10,0,2,2,1,23,REGULAR SEASON STATS,W,122,120
4/2/2014,SA,L 90-111,31,5,15,1,4,0,0,0,10,0,1,2,4,11,REGULAR SEASON STATS,L,90,111
4/4/2014,SAC,W 102-69,29,5,12,2,5,1,1,2,5,0,1,2,1,13,REGULAR SEASON STATS,W,102,69
4/6/2014,UTAH,W 130-102,29,12,18,5,10,2,2,1,16,0,3,2,5,31,REGULAR SEASON STATS,W,130,102
4/10/2014,DEN,L 99-100,34,8,19,2,7,6,6,7,6,0,4,1,2,24,REGULAR SEASON STATS,L,99,100
4/11/2014,LAL,W 112-95,35,12,20,4,5,2,2,10,12,0,2,3,6,30,REGULAR SEASON STATS,W,112,95
4/13/2014,POR,L 117-119,45,16,29,7,14,8,8,1,5,0,3,3,4,47,REGULAR SEASON STATS,L,117,119
4/14/2014,MIN,W 130-120,42,10,21,7,13,5,5,5,15,0,3,4,5,32,REGULAR SEASON STATS,W,130,120
4/16/2014,DEN,W 116-112,0,0,0,0,0,0,0,0,0,0,0,0,0,0,REGULAR SEASON STATS,W,116,112
4/19/2014,LAC,W 109-105,45,6,16,2,6,0,0,3,7,0,3,1,7,14,Conference Quarterfinals,W,109,105
4/21/2014,LAC,L 98-138,31,9,17,1,7,5,5,1,8,0,2,4,2,24,Conference Quarterfinals,L,98,138
4/24/2014,LAC,L 96-98,43,5,12,3,8,3,4,2,15,0,1,3,3,16,Conference Quarterfinals,L,96,98
4/27/2014,LAC,W 118-97,42,10,20,7,14,6,7,7,7,1,1,3,2,33,Conference Quarterfinals,W,118,97
4/29/2014,LAC,L 103-113,44,5,10,4,7,3,3,3,4,0,2,2,8,17,Conference Quarterfinals,L,103,113
5/1/2014,LAC,W 100-99,45,9,24,2,8,4,7,4,9,0,0,1,2,24,Conference Quarterfinals,W,100,99
5/3/2014,LAC,L 121-126,46,7,17,3,7,16,16,5,9,0,3,4,2,33,Conference Quarterfinals,L,121,126
10/7/2014,LAC,W 112-94,18,2,7,0,2,8,11,1,3,0,0,6,3,12,,W,112,94
10/9/2014,LAL,W 120-105,27,6,9,3,4,5,5,5,6,0,1,2,3,20,,W,120,105
10/12/2014,LAL,W 116-75,24,8,11,4,7,5,5,6,6,1,2,2,3,25,,W,116,75
10/16/2014,DEN,W 104-101,17,5,9,3,3,0,0,1,4,0,1,2,2,13,,W,104,101
10/17/2014,MIA,L 108-115,32,2,10,1,7,2,2,3,7,0,3,4,1,7,,L,108,115
10/19/2014,HOU,L 83-90,0,0,0,0,0,0,0,0,0,0,0,0,0,0,,L,83,90
10/21/2014,LAC,W 125-107,31,9,13,4,5,5,8,2,6,1,3,1,6,27,,W,125,107
10/24/2014,DEN,W 119-112,34,5,15,3,7,4,4,2,11,0,2,1,3,17,,W,119,112
10/29/2014,SAC,W 95-77,37,7,17,2,9,8,9,10,5,0,6,5,4,24,REGULAR SEASON STATS,W,95,77
11/1/2014,LAL,W 127-104,34,10,19,3,8,8,8,5,10,0,3,3,2,31,REGULAR SEASON STATS,W,127,104
11/2/2014,POR,W 95-90,31,6,18,1,5,8,8,5,6,0,2,1,3,21,REGULAR SEASON STATS,W,95,90
11/5/2014,LAC,W 121-104,34,9,18,4,8,6,6,6,7,0,1,4,5,28,REGULAR SEASON STATS,W,121,104
11/8/2014,HOU,W 98-87,40,13,19,6,9,2,2,9,5,0,4,2,5,34,REGULAR SEASON STATS,W,98,87
11/9/2014,PHX,L 95-107,34,10,20,4,10,4,4,2,10,0,5,5,10,28,REGULAR SEASON STATS,L,95,107
11/11/2014,SA,L 100-113,36,7,18,0,7,2,2,6,5,0,0,2,3,16,REGULAR SEASON STATS,L,100,113
11/13/2014,BKN,W 107-99,32,6,12,3,7,2,2,3,5,0,0,5,3,17,REGULAR SEASON STATS,W,107,99
11/15/2014,CHA,W 112-87,28,8,15,3,6,0,1,5,9,0,1,3,1,19,REGULAR SEASON STATS,W,112,87
11/16/2014,LAL,W 136-115,30,10,19,5,9,5,5,4,15,0,1,0,3,30,REGULAR SEASON STATS,W,136,115
11/21/2014,UTAH,W 101-88,25,3,9,2,6,0,0,5,10,0,2,2,4,8,REGULAR SEASON STATS,W,101,88
11/23/2014,OKC,W 91-86,38,5,15,2,6,3,4,6,6,0,1,0,1,15,REGULAR SEASON STATS,W,91,86
11/25/2014,MIA,W 114-97,37,12,19,8,11,8,9,6,7,1,3,2,2,40,REGULAR SEASON STATS,W,114,97
11/26/2014,ORL,W 111-96,24,9,13,6,8,4,5,5,8,0,0,1,1,28,REGULAR SEASON STATS,W,111,96
11/28/2014,CHA,W 106-101,32,9,20,1,10,7,7,4,6,2,1,4,4,26,REGULAR SEASON STATS,W,106,101
11/30/2014,DET,W 104-93,28,5,9,1,3,5,6,3,10,0,1,2,1,16,REGULAR SEASON STATS,W,104,93
12/2/2014,ORL,W 98-97,36,8,17,3,9,3,3,4,5,0,0,2,4,22,REGULAR SEASON STATS,W,98,97
12/4/2014,NO,W 112-85,31,8,17,3,6,0,0,3,11,1,4,0,2,19,REGULAR SEASON STATS,W,112,85
12/6/2014,CHI,W 112-102,36,5,14,1,5,8,9,6,7,0,1,2,3,19,REGULAR SEASON STATS,W,112,102
12/8/2014,MIN,W 102-86,31,10,20,1,7,0,0,4,7,1,3,3,3,21,REGULAR SEASON STATS,W,102,86
12/10/2014,HOU,W 105-93,37,8,15,3,5,1,1,7,7,0,0,3,4,20,REGULAR SEASON STATS,W,105,93
12/13/2014,DAL,W 105-98,37,9,22,3,11,8,9,3,8,0,2,1,1,29,REGULAR SEASON STATS,W,105,98
12/14/2014,NO,W 128-122,40,11,21,6,10,6,6,7,7,0,1,1,6,34,REGULAR SEASON STATS,W,128,122
12/16/2014,MEM,L 98-105,39,9,25,1,10,0,0,7,6,0,4,2,3,19,REGULAR SEASON STATS,L,98,105
12/18/2014,OKC,W 114-109,42,14,24,5,12,1,1,7,9,1,4,0,4,34,REGULAR SEASON STATS,W,114,109
12/22/2014,SAC,W 128-108,26,5,12,1,5,1,1,2,11,0,3,1,1,12,REGULAR SEASON STATS,W,128,108
12/23/2014,LAL,L 105-115,30,10,14,2,5,0,0,2,6,0,3,0,7,22,REGULAR SEASON STATS,L,105,115
12/25/2014,LAC,L 86-100,36,5,12,1,5,3,4,9,7,0,2,3,5,14,REGULAR SEASON STATS,L,86,100
12/27/2014,MIN,W 110-97,31,9,18,4,9,3,4,3,6,0,3,3,3,25,REGULAR SEASON STATS,W,110,97
12/30/2014,PHI,W 126-86,27,4,7,3,6,2,2,3,9,0,3,3,3,13,REGULAR SEASON STATS,W,126,86
1/2/2015,TOR,W 126-105,34,10,18,5,11,7,7,5,12,0,1,3,0,32,REGULAR SEASON STATS,W,126,105
1/5/2015,OKC,W 117-91,31,7,14,1,4,4,4,9,6,0,4,2,2,19,REGULAR SEASON STATS,W,117,91
1/7/2015,IND,W 117-102,35,8,17,4,8,1,1,3,15,0,4,5,5,21,REGULAR SEASON STATS,W,117,102
1/9/2015,CLE,W 112-94,35,8,15,3,8,4,4,1,10,0,2,1,1,23,REGULAR SEASON STATS,W,112,94
1/13/2015,UTAH,W 116-105,29,10,16,4,9,3,3,2,11,0,0,2,2,27,REGULAR SEASON STATS,W,116,105
1/14/2015,MIA,W 104-89,32,11,19,7,10,3,5,5,3,0,2,1,3,32,REGULAR SEASON STATS,W,104,89
1/16/2015,OKC,L 115-127,31,6,13,2,6,5,5,3,6,0,2,2,6,19,REGULAR SEASON STATS,L,115,127
1/17/2015,HOU,W 131-106,33,9,18,2,8,7,8,7,11,1,3,0,2,27,REGULAR SEASON STATS,W,131,106
1/19/2015,DEN,W 122-79,25,7,13,2,5,4,4,1,8,2,1,2,1,20,REGULAR SEASON STATS,W,122,79
1/21/2015,HOU,W 126-113,34,7,12,3,5,5,6,3,10,0,1,3,6,22,REGULAR SEASON STATS,W,126,113
1/23/2015,SAC,W 126-101,29,3,11,2,7,2,2,4,11,0,2,0,6,10,REGULAR SEASON STATS,W,126,101
1/25/2015,BOS,W 114-111,33,6,16,1,5,9,9,4,11,0,2,1,3,22,REGULAR SEASON STATS,W,114,111
1/27/2015,CHI,L 111-113,43,9,23,2,9,1,1,4,9,0,3,3,3,21,REGULAR SEASON STATS,L,111,113
1/30/2015,UTAH,L 100-110,34,10,22,5,11,7,9,7,6,0,3,1,2,32,REGULAR SEASON STATS,L,100,110
1/31/2015,PHX,W 106-87,37,9,23,4,9,3,3,4,7,1,2,2,1,25,REGULAR SEASON STATS,W,106,87
2/3/2015,SAC,W 121-96,29,6,15,2,6,9,10,5,9,0,3,2,2,23,REGULAR SEASON STATS,W,121,96
2/4/2015,DAL,W 128-114,37,16,26,10,16,9,11,4,4,0,1,3,3,51,REGULAR SEASON STATS,W,128,114
2/6/2015,ATL,L 116-124,36,8,19,4,9,6,7,2,9,2,2,3,1,26,REGULAR SEASON STATS,L,116,124
2/7/2015,NY,W 106-92,31,8,18,5,9,1,3,6,0,0,2,0,3,22,REGULAR SEASON STATS,W,106,92
2/9/2015,PHI,W 89-84,32,7,20,3,12,3,4,5,6,0,3,2,1,20,REGULAR SEASON STATS,W,89,84
2/11/2015,MIN,W 94-91,36,9,23,2,10,5,5,5,8,0,3,1,3,25,REGULAR SEASON STATS,W,94,91
2/15/2015,EAST,W 163-158,27,6,16,3,10,0,0,9,5,0,1,1,5,15,REGULAR SEASON STATS,W,163,158
2/20/2015,SA,W 110-99,32,8,17,4,8,5,5,4,11,0,4,2,2,25,REGULAR SEASON STATS,W,110,99
2/22/2015,IND,L 98-104,0,0,0,0,0,0,0,0,0,0,0,0,0,0,REGULAR SEASON STATS,L,98,104
2/24/2015,WSH,W 114-107,34,11,18,5,9,5,5,0,8,0,2,1,0,32,REGULAR SEASON STATS,W,114,107
2/26/2015,CLE,L 99-110,34,5,17,3,9,5,5,3,6,0,1,3,4,18,REGULAR SEASON STATS,L,99,110
2/27/2015,TOR,W 113-89,25,8,13,3,4,3,3,6,5,0,2,0,2,22,REGULAR SEASON STATS,W,113,89
3/1/2015,BOS,W 106-101,38,14,22,5,8,4,4,4,5,0,1,1,5,37,REGULAR SEASON STATS,W,106,101
3/2/2015,BKN,L 108-110,29,8,16,6,12,4,4,2,7,0,1,4,4,26,REGULAR SEASON STATS,L,108,110
3/4/2015,MIL,W 102-93,37,6,16,6,13,1,2,1,11,2,2,3,5,19,REGULAR SEASON STATS,W,102,93
3/6/2015,DAL,W 104-89,31,6,11,5,8,5,6,2,7,1,2,2,3,22,REGULAR SEASON STATS,W,104,89
3/8/2015,LAC,W 106-98,32,3,9,2,2,4,4,1,4,0,3,1,4,12,REGULAR SEASON STATS,W,106,98
3/9/2015,PHX,W 98-80,36,14,24,7,13,1,2,6,5,0,4,3,4,36,REGULAR SEASON STATS,W,98,80
3/11/2015,DET,W 105-98,34,4,15,1,7,0,0,5,11,0,1,1,3,9,REGULAR SEASON STATS,W,105,98
3/13/2015,DEN,L 103-114,0,0,0,0,0,0,0,0,0,0,0,0,0,0,REGULAR SEASON STATS,L,103,114
3/14/2015,NY,W 125-94,27,8,15,6,10,3,3,3,11,0,3,2,1,25,REGULAR SEASON STATS,W,125,94
3/16/2015,LAL,W 108-105,33,5,14,2,6,7,7,4,9,0,3,2,6,19,REGULAR SEASON STATS,W,108,105
3/18/2015,ATL,W 114-95,30,4,11,2,6,6,6,4,12,0,0,1,4,16,REGULAR SEASON STATS,W,114,95
3/20/2015,NO,W 112-96,27,4,17,2,10,6,6,2,11,0,0,0,3,16,REGULAR SEASON STATS,W,112,96
3/21/2015,UTAH,W 106-91,32,8,18,3,6,5,5,3,3,0,3,0,0,24,REGULAR SEASON STATS,W,106,91
3/23/2015,WSH,W 107-76,28,8,14,5,8,3,3,5,6,0,2,1,2,24,REGULAR SEASON STATS,W,107,76
3/24/2015,POR,W 122-108,35,13,22,5,9,2,2,2,10,0,1,2,2,33,REGULAR SEASON STATS,W,122,108
3/27/2015,MEM,W 107-84,34,12,22,8,12,6,6,3,10,1,3,3,4,38,REGULAR SEASON STATS,W,107,84
3/28/2015,MIL,W 108-95,30,8,13,6,9,3,3,4,6,0,1,4,6,25,REGULAR SEASON STATS,W,108,95
3/31/2015,LAC,W 110-106,36,8,15,4,6,7,7,1,4,0,1,3,3,27,REGULAR SEASON STATS,W,110,106
4/2/2015,PHX,W 107-106,34,10,22,6,11,2,2,8,5,0,0,3,6,28,REGULAR SEASON STATS,W,107,106
4/4/2015,DAL,W 123-110,27,4,12,1,4,2,3,4,3,0,1,1,1,11,REGULAR SEASON STATS,W,123,110
4/5/2015,SA,L 92-107,30,9,17,5,10,1,2,4,6,0,1,2,4,24,REGULAR SEASON STATS,L,92,107
4/7/2015,NO,L 100-103,35,9,18,5,8,2,2,6,9,0,1,3,2,25,REGULAR SEASON STATS,L,100,103
4/9/2015,POR,W 116-105,35,17,23,8,13,3,3,2,10,0,0,2,4,45,REGULAR SEASON STATS,W,116,105
4/11/2015,MIN,W 110-101,35,11,21,5,11,7,8,4,7,0,4,1,3,34,REGULAR SEASON STATS,W,110,101
4/13/2015,MEM,W 111-107,29,6,10,3,6,0,0,4,8,0,1,2,3,15,REGULAR SEASON STATS,W,111,107
4/15/2015,DEN,W 133-126,19,4,10,2,4,0,0,4,7,0,5,1,2,10,REGULAR SEASON STATS,W,133,126
4/18/2015,NO,W 106-99,40,13,25,4,13,4,7,4,5,0,3,4,3,34,Conference Quarterfinals,W,106,99
4/20/2015,NO,W 97-87,37,9,21,3,9,1,1,4,6,0,1,1,5,22,Conference Quarterfinals,W,97,87
4/23/2015,NO,W 123-119,44,10,29,7,18,13,14,5,9,0,0,3,3,40,Conference Quarterfinals,W,123,119
4/25/2015,NO,W 109-98,38,11,20,6,8,11,12,8,9,0,1,4,5,39,Conference Quarterfinals,W,109,98
5/3/2015,MEM,W 101-86,38,8,18,4,8,2,2,2,7,0,4,1,4,22,Conference Semifinals,W,101,86
5/5/2015,MEM,L 90-97,41,7,19,2,11,3,4,5,6,0,0,0,3,19,Conference Semifinals,L,90,97
5/9/2015,MEM,L 89-99,40,8,21,2,10,5,7,2,6,1,1,1,4,23,Conference Semifinals,L,89,99
5/11/2015,MEM,W 101-84,39,11,22,4,9,7,9,8,5,0,2,4,4,33,Conference Semifinals,W,101,84
5/13/2015,MEM,W 98-78,33,6,16,6,13,0,0,7,5,0,6,0,5,18,Conference Semifinals,W,98,78
5/15/2015,MEM,W 108-95,39,11,25,8,13,2,2,6,10,0,0,3,4,32,Conference Semifinals,W,108,95
5/19/2015,HOU,W 110-106,39,13,22,6,11,2,3,6,5,0,2,3,1,34,Conference Finals,W,110,106
5/21/2015,HOU,W 99-98,37,13,21,5,11,2,3,3,6,0,1,2,6,33,Conference Finals,W,99,98
5/23/2015,HOU,W 115-80,35,12,19,7,9,9,10,5,7,1,2,2,4,40,Conference Finals,W,115,80
5/25/2015,HOU,L 115-128,31,7,18,6,13,3,3,1,4,0,0,3,0,23,Conference Finals,L,115,128
5/27/2015,HOU,W 104-90,42,7,21,3,11,9,12,8,6,0,5,3,3,26,Conference Finals,W,104,90
6/4/2015,CLE,W 108-100,43,10,20,2,6,4,4,4,8,0,2,1,4,26,NBA Finals,W,108,100
6/7/2015,CLE,L 93-95,42,5,23,2,15,7,8,6,5,0,0,4,6,19,NBA Finals,L,93,95
6/9/2015,CLE,L 91-96,44,10,20,7,13,0,0,6,6,1,3,2,6,27,NBA Finals,L,91,96
6/11/2015,CLE,W 103-82,41,8,17,4,7,2,2,2,7,0,1,1,4,22,NBA Finals,W,103,82
6/14/2015,CLE,W 104-91,42,13,23,7,13,4,4,7,4,0,2,2,5,37,NBA Finals,W,104,91
6/16/2015,CLE,W 105-97,43,8,19,3,11,6,8,6,8,0,3,3,3,25,NBA Finals,W,105,97
10/5/2015,TOR,W 95-87,19,5,7,3,5,1,2,4,2,0,0,6,4,14,,W,95,87
10/8/2015,POR,L 101-118,26,6,14,6,11,12,15,2,7,1,1,1,2,30,,L,101,118
10/13/2015,DEN,L 103-114,26,5,13,1,8,3,5,1,7,0,1,4,4,14,,L,103,114
10/15/2015,HOU,W 123-101,17,6,7,1,1,6,6,1,6,0,1,1,0,19,,W,123,101
10/17/2015,LAL,L 70-85,22,7,13,5,10,0,0,3,4,0,0,0,3,19,,L,70,85
10/22/2015,LAL,W 136-97,29,9,14,4,8,2,2,4,10,0,4,4,5,24,,W,136,97
10/27/2015,NO,W 111-95,36,14,26,5,12,7,7,6,7,0,2,1,2,40,REGULAR SEASON STATS,W,111,95
10/30/2015,HOU,W 112-92,27,9,15,4,9,3,4,7,6,0,1,4,1,25,REGULAR SEASON STATS,W,112,92
10/31/2015,NO,W 134-120,36,17,27,8,14,11,11,4,9,0,4,3,2,53,REGULAR SEASON STATS,W,134,120
11/2/2015,MEM,W 119-69,28,10,16,4,8,6,6,3,3,1,3,2,3,30,REGULAR SEASON STATS,W,119,69
11/4/2015,LAC,W 112-108,33,8,17,7,11,8,9,5,4,0,1,3,0,31,REGULAR SEASON STATS,W,112,108
11/6/2015,DEN,W 119-104,35,12,22,8,16,2,3,7,10,1,3,1,4,34,REGULAR SEASON STATS,W,119,104
11/7/2015,SAC,W 103-94,39,8,18,2,10,6,7,6,3,0,2,1,6,24,REGULAR SEASON STATS,W,103,94
11/9/2015,DET,W 109-95,37,7,18,3,7,5,6,5,5,0,3,1,5,22,REGULAR SEASON STATS,W,109,95
11/11/2015,MEM,W 100-84,35,9,21,3,10,7,7,5,5,1,5,1,4,28,REGULAR SEASON STATS,W,100,84
11/12/2015,MIN,W 129-116,38,15,25,8,13,8,8,5,4,0,2,3,3,46,REGULAR SEASON STATS,W,129,116
11/14/2015,BKN,W 107-99,44,13,31,5,16,3,3,3,6,0,1,1,4,34,REGULAR SEASON STATS,W,107,99
11/17/2015,TOR,W 115-110,40,13,23,5,10,6,7,2,9,0,2,1,7,37,REGULAR SEASON STATS,W,115,110
11/19/2015,LAC,W 124-117,37,11,22,6,14,12,12,11,4,0,3,2,7,40,REGULAR SEASON STATS,W,124,117
11/20/2015,CHI,W 106-94,36,9,20,3,11,6,6,5,4,0,4,2,6,27,REGULAR SEASON STATS,W,106,94
11/22/2015,DEN,W 118-105,28,8,16,3,8,0,0,4,7,0,3,0,4,19,REGULAR SEASON STATS,W,118,105
11/24/2015,LAL,W 111-77,30,10,21,4,12,0,0,4,9,0,2,1,0,24,REGULAR SEASON STATS,W,111,77
11/27/2015,PHX,W 135-116,31,11,20,9,16,10,11,6,8,0,2,2,6,41,REGULAR SEASON STATS,W,135,116
11/28/2015,SAC,W 120-101,30,4,7,3,6,8,8,4,6,0,3,1,1,19,REGULAR SEASON STATS,W,120,101
11/30/2015,UTAH,W 106-103,37,9,20,4,8,4,4,6,5,0,2,2,2,26,REGULAR SEASON STATS,W,106,103
12/2/2015,CHA,W 116-99,31,14,18,8,11,4,4,3,5,0,0,2,5,40,REGULAR SEASON STATS,W,116,99
12/5/2015,TOR,W 112-109,38,14,24,9,15,7,9,2,7,0,0,4,3,44,REGULAR SEASON STATS,W,112,109
12/6/2015,BKN,W 114-98,32,11,17,5,9,1,4,5,2,0,1,2,4,28,REGULAR SEASON STATS,W,114,98
12/8/2015,IND,W 131-123,36,11,23,3,10,4,6,7,10,0,3,1,4,29,REGULAR SEASON STATS,W,131,123
12/11/2015,BOS,W 124-119,47,9,27,6,13,14,14,11,8,0,2,4,8,38,REGULAR SEASON STATS,W,124,119
12/12/2015,MIL,L 95-108,35,10,22,2,9,6,7,7,5,0,1,2,2,28,REGULAR SEASON STATS,L,95,108
12/16/2015,PHX,W 128-103,30,10,14,2,5,3,5,2,7,0,1,4,3,25,REGULAR SEASON STATS,W,128,103
12/18/2015,MIL,W 121-112,39,7,14,2,6,10,11,10,9,0,2,2,6,26,REGULAR SEASON STATS,W,121,112
12/23/2015,UTAH,W 103-85,34,5,14,2,8,4,4,5,9,0,3,2,3,16,REGULAR SEASON STATS,W,103,85
12/25/2015,CLE,W 89-83,37,6,15,1,4,6,6,7,7,0,2,3,3,19,REGULAR SEASON STATS,W,89,83
12/28/2015,SAC,W 122-103,30,7,16,6,13,3,4,14,10,0,2,3,2,23,REGULAR SEASON STATS,W,122,103
12/30/2015,DAL,L 91-114,0,0,0,0,0,0,0,0,0,0,0,0,0,0,REGULAR SEASON STATS,L,91,114
12/31/2015,HOU,W 114-110,0,0,0,0,0,0,0,0,0,0,0,0,0,0,REGULAR SEASON STATS,W,114,110
1/2/2016,DEN,W 111-108,14,2,6,1,5,0,0,1,4,0,2,1,2,5,REGULAR SEASON STATS,W,111,108
1/4/2016,CHA,W 111-101,32,12,21,5,10,1,1,3,4,0,2,4,2,30,REGULAR SEASON STATS,W,111,101
1/5/2016,LAL,W 109-88,26,6,13,4,8,1,1,1,6,0,3,2,3,17,REGULAR SEASON STATS,W,109,88
1/8/2016,POR,W 128-108,29,8,18,4,11,6,6,3,9,0,1,2,1,26,REGULAR SEASON STATS,W,128,108
1/9/2016,SAC,W 128-116,38,12,21,8,14,6,7,6,11,1,1,3,4,38,REGULAR SEASON STATS,W,128,116
1/11/2016,MIA,W 111-103,38,11,27,4,11,5,6,2,6,0,1,2,1,31,REGULAR SEASON STATS,W,111,103
1/13/2016,DEN,L 110-112,40,13,25,5,12,7,7,5,9,1,3,1,8,38,REGULAR SEASON STATS,L,110,112
1/14/2016,LAL,W 116-98,30,9,18,8,16,0,0,6,3,0,1,3,3,26,REGULAR SEASON STATS,W,116,98
1/16/2016,DET,L 95-113,37,13,26,7,15,5,6,7,5,0,2,1,2,38,REGULAR SEASON STATS,L,95,113
1/18/2016,CLE,W 132-98,28,12,18,7,12,4,4,5,4,0,3,3,1,35,REGULAR SEASON STATS,W,132,98
1/20/2016,CHI,W 125-94,34,8,18,3,9,6,6,7,11,1,2,2,2,25,REGULAR SEASON STATS,W,125,94
1/22/2016,IND,W 122-110,37,11,19,8,15,9,9,10,12,0,1,1,2,39,REGULAR SEASON STATS,W,122,110
1/25/2016,SA,W 120-90,28,12,20,6,9,7,7,2,3,0,5,0,1,37,REGULAR SEASON STATS,W,120,90
1/27/2016,DAL,W 127-107,32,4,11,3,7,3,3,2,9,1,3,2,0,14,REGULAR SEASON STATS,W,127,107
1/30/2016,PHI,W 108-105,34,9,19,5,11,0,0,5,6,2,1,3,8,23,REGULAR SEASON STATS,W,108,105
1/31/2016,NY,W 116-95,32,5,17,3,11,0,0,4,4,0,3,1,3,13,REGULAR SEASON STATS,W,116,95
2/3/2016,WSH,W 134-121,36,19,28,11,15,2,3,7,2,0,3,3,7,51,REGULAR SEASON STATS,W,134,121
2/6/2016,OKC,W 116-108,38,10,26,1,9,5,5,6,10,0,3,2,3,26,REGULAR SEASON STATS,W,116,108
2/9/2016,HOU,W 123-110,38,12,24,7,16,4,4,5,9,0,1,2,1,35,REGULAR SEASON STATS,W,123,110
2/10/2016,PHX,W 112-104,30,9,17,5,10,3,4,9,9,1,1,1,2,26,REGULAR SEASON STATS,W,112,104
2/14/2016,EAST,W 196-173,29,10,18,6,13,0,0,5,6,0,4,1,2,26,REGULAR SEASON STATS,W,196,173
2/19/2016,POR,L 105-137,26,12,23,7,13,0,0,3,5,0,2,4,3,31,REGULAR SEASON STATS,L,105,137
2/20/2016,LAC,W 115-112,36,5,15,3,8,10,12,3,9,0,3,2,3,23,REGULAR SEASON STATS,W,115,112
2/22/2016,ATL,W 102-92,36,14,22,5,11,3,3,6,8,0,3,2,2,36,REGULAR SEASON STATS,W,102,92
2/24/2016,MIA,W 118-112,36,14,29,6,12,8,8,7,7,1,1,0,7,42,REGULAR SEASON STATS,W,118,112
2/25/2016,ORL,W 130-114,34,20,27,10,15,1,1,7,8,1,0,1,5,51,REGULAR SEASON STATS,W,130,114
2/27/2016,OKC,W 121-118,38,14,24,12,16,6,8,3,6,0,2,1,3,46,REGULAR SEASON STATS,W,121,118
3/1/2016,ATL,W 109-105,0,0,0,0,0,0,0,0,0,0,0,0,0,0,REGULAR SEASON STATS,W,109,105
3/3/2016,OKC,W 121-106,37,12,25,5,15,4,5,4,4,1,1,2,1,33,REGULAR SEASON STATS,W,121,106
3/6/2016,LAL,L 95-112,34,6,20,1,10,5,5,6,4,0,1,2,4,18,REGULAR SEASON STATS,L,95,112
3/7/2016,ORL,W 119-113,37,14,24,7,13,6,6,13,3,0,4,3,5,41,REGULAR SEASON STATS,W,119,113
3/9/2016,UTAH,W 115-94,32,4,12,3,9,1,2,3,10,0,3,2,3,12,REGULAR SEASON STATS,W,115,94
3/11/2016,POR,W 128-112,29,13,23,7,14,1,2,3,4,0,2,2,3,34,REGULAR SEASON STATS,W,128,112
3/12/2016,PHX,W 123-116,35,12,24,7,16,4,4,3,6,0,0,4,1,35,REGULAR SEASON STATS,W,123,116
3/14/2016,NO,W 125-107,31,10,16,4,9,3,4,5,5,0,2,1,1,27,REGULAR SEASON STATS,W,125,107
3/16/2016,NY,W 121-85,28,12,20,8,13,2,2,6,4,0,0,2,2,34,REGULAR SEASON STATS,W,121,85
3/18/2016,DAL,W 130-112,34,12,26,6,12,1,1,9,10,0,2,2,1,31,REGULAR SEASON STATS,W,130,112
3/19/2016,SA,L 79-87,38,4,18,1,12,5,5,6,6,0,2,0,2,14,REGULAR SEASON STATS,L,79,87
3/21/2016,MIN,W 109-104,35,6,17,2,9,5,6,7,11,1,3,4,5,19,REGULAR SEASON STATS,W,109,104
3/23/2016,LAC,W 114-98,37,12,23,4,10,5,6,4,5,0,3,3,1,33,REGULAR SEASON STATS,W,114,98
3/25/2016,DAL,W 128-120,35,9,18,5,12,10,11,8,8,0,4,0,3,33,REGULAR SEASON STATS,W,128,120
3/27/2016,PHI,W 117-105,33,7,16,2,9,4,5,3,8,0,4,0,4,20,REGULAR SEASON STATS,W,117,105
3/29/2016,WSH,W 102-94,35,9,20,6,8,2,2,7,7,0,5,3,5,26,REGULAR SEASON STATS,W,102,94
3/30/2016,UTAH,W 103-96,42,11,23,5,10,4,5,7,4,0,2,4,5,31,REGULAR SEASON STATS,W,103,96
4/1/2016,BOS,L 106-109,37,9,19,8,14,3,3,5,6,0,1,2,9,29,REGULAR SEASON STATS,L,106,109
4/3/2016,POR,W 136-111,35,13,21,9,13,4,4,6,7,1,2,2,4,39,REGULAR SEASON STATS,W,136,111
4/5/2016,MIN,L 117-124,43,7,25,4,14,3,3,6,15,0,3,4,3,21,REGULAR SEASON STATS,L,117,124
4/7/2016,SA,W 112-101,36,11,19,3,7,2,2,5,9,0,2,2,3,27,REGULAR SEASON STATS,W,112,101
4/9/2016,MEM,W 100-99,34,7,22,3,14,0,0,9,8,0,1,1,2,17,REGULAR SEASON STATS,W,100,99
4/10/2016,SA,W 92-86,35,13,22,4,9,7,7,5,5,0,2,4,4,37,REGULAR SEASON STATS,W,92,86
4/13/2016,MEM,W 125-104,30,15,24,10,19,6,6,4,6,0,2,2,2,46,REGULAR SEASON STATS,W,125,104
4/16/2016,HOU,W 104-78,20,8,13,5,7,3,3,7,2,0,3,0,4,24,Conference Quarterfinals,W,104,78
4/18/2016,HOU,W 115-106,0,0,0,0,0,0,0,0,0,0,0,0,0,0,Conference Quarterfinals,W,115,106
4/21/2016,HOU,L 96-97,0,0,0,0,0,0,0,0,0,0,0,0,0,0,Conference Quarterfinals,L,96,97
4/24/2016,HOU,W 121-94,19,2,9,1,7,1,1,0,5,0,1,0,5,6,Conference Quarterfinals,W,121,94
4/27/2016,HOU,W 114-81,0,0,0,0,0,0,0,0,0,0,0,0,0,0,Conference Quarterfinals,W,114,81
5/1/2016,POR,W 118-106,0,0,0,0,0,0,0,0,0,0,0,0,0,0,Conference Semifinals,W,118,106
5/3/2016,POR,W 110-99,0,0,0,0,0,0,0,0,0,0,0,0,0,0,Conference Semifinals,W,110,99
5/7/2016,POR,L 108-120,0,0,0,0,0,0,0,0,0,0,0,0,0,0,Conference Semifinals,L,108,120
5/9/2016,POR,W 132-125,37,16,32,5,16,3,3,9,8,0,0,2,4,40,Conference Semifinals,W,132,125
5/11/2016,POR,W 125-121,37,10,20,5,11,4,4,5,11,0,1,2,4,29,Conference Semifinals,W,125,121
5/16/2016,OKC,L 102-108,40,9,22,6,14,2,2,10,7,0,3,3,7,26,Conference Finals,L,102,108
5/18/2016,OKC,W 118-91,30,9,15,5,8,5,5,2,3,0,1,0,3,28,Conference Finals,W,118,91
5/22/2016,OKC,L 105-133,30,7,17,3,11,7,8,5,3,0,2,1,1,24,Conference Finals,L,105,133
5/24/2016,OKC,L 94-118,39,6,20,2,10,5,7,5,5,0,2,2,6,19,Conference Finals,L,94,118
5/26/2016,OKC,W 120-111,37,9,20,3,8,10,10,7,6,0,5,0,5,31,Conference Finals,W,120,111
5/28/2016,OKC,W 108-101,41,9,22,6,14,7,9,10,9,0,2,3,3,31,Conference Finals,W,108,101
5/30/2016,OKC,W 96-88,40,13,24,7,12,3,3,5,8,0,0,1,3,36,Conference Finals,W,96,88
6/2/2016,CLE,W 104-89,36,4,15,3,8,0,0,5,6,0,0,2,5,11,NBA Finals,W,104,89
6/5/2016,CLE,W 110-77,25,7,11,4,8,0,0,9,4,1,0,4,4,18,NBA Finals,W,110,77
6/8/2016,CLE,L 90-120,31,6,13,3,9,4,4,1,3,0,2,4,6,19,NBA Finals,L,90,120
6/10/2016,CLE,W 108-97,40,11,25,7,13,9,10,5,6,0,2,3,3,38,NBA Finals,W,108,97
6/13/2016,CLE,L 97-112,40,8,21,5,15,4,4,7,4,3,0,2,4,25,NBA Finals,L,97,112
6/16/2016,CLE,L 101-115,35,8,20,6,13,8,9,2,1,0,1,6,4,30,NBA Finals,L,101,115
6/19/2016,CLE,L 89-93,39,6,19,4,14,1,1,5,2,1,1,4,4,17,NBA Finals,L,89,93
10/1/2016,TOR,L 93-97,17,2,6,1,5,3,5,2,3,0,2,1,1,8,,L,93,97
10/4/2016,LAC,W 120-75,23,4,8,3,6,3,3,3,5,0,3,3,1,14,,W,120,75
10/6/2016,SAC,W 105-96,26,3,8,2,5,5,5,2,5,1,4,1,4,13,,W,105,96
10/14/2016,DEN,W 129-128,27,7,17,2,9,6,7,9,4,2,0,2,2,22,,W,129,128
10/15/2016,LAL,W 112-107,18,5,9,2,5,2,3,3,3,0,2,1,1,14,,W,112,107
10/19/2016,LAL,W 123-112,31,11,19,6,12,4,4,5,5,0,3,2,1,32,,W,123,112
10/21/2016,POR,W 107-96,28,12,21,8,13,3,3,4,2,0,0,2,2,35,,W,107,96
10/25/2016,SA,L 100-129,34,9,18,3,10,5,6,3,4,0,0,1,4,26,REGULAR SEASON STATS,L,100,129
10/28/2016,NO,W 122-114,34,8,19,4,10,3,4,1,8,0,1,3,4,23,REGULAR SEASON STATS,W,122,114
10/30/2016,PHX,W 106-100,34,9,17,5,8,5,5,1,3,0,0,5,1,28,REGULAR SEASON STATS,W,106,100
11/1/2016,POR,W 127-104,30,10,21,5,10,3,4,4,3,0,1,3,4,28,REGULAR SEASON STATS,W,127,104
11/3/2016,OKC,W 122-96,30,6,14,2,6,7,8,1,7,1,2,1,1,21,REGULAR SEASON STATS,W,122,96
11/4/2016,LAL,L 97-117,31,5,17,0,10,3,3,8,10,1,2,3,2,13,REGULAR SEASON STATS,L,97,117
11/7/2016,NO,W 116-106,36,16,26,13,17,1,2,5,5,0,2,2,4,46,REGULAR SEASON STATS,W,116,106
11/9/2016,DAL,W 116-95,31,8,12,4,8,4,4,3,6,0,1,1,5,24,REGULAR SEASON STATS,W,116,95
11/10/2016,DEN,W 125-101,30,10,17,7,13,6,6,5,6,0,1,1,4,33,REGULAR SEASON STATS,W,125,101
11/13/2016,PHX,W 133-120,37,9,17,5,9,7,7,6,6,0,2,2,3,30,REGULAR SEASON STATS,W,133,120
11/16/2016,TOR,W 127-121,37,10,19,3,9,12,13,3,7,0,1,3,3,35,REGULAR SEASON STATS,W,127,121
11/18/2016,BOS,W 104-88,36,7,20,2,10,0,0,3,8,1,4,4,2,16,REGULAR SEASON STATS,W,104,88
11/19/2016,MIL,W 124-121,35,7,21,1,11,5,5,5,5,0,1,4,3,20,REGULAR SEASON STATS,W,124,121
11/21/2016,IND,W 120-83,30,6,11,2,6,8,8,6,6,0,1,1,1,22,REGULAR SEASON STATS,W,120,83
11/23/2016,LAL,W 149-106,29,11,18,7,12,2,2,5,9,0,1,1,1,31,REGULAR SEASON STATS,W,149,106
11/25/2016,LAL,W 109-85,36,8,17,4,10,4,4,5,5,0,3,1,3,24,REGULAR SEASON STATS,W,109,85
11/26/2016,MIN,W 115-102,37,13,19,4,8,4,4,8,6,0,1,4,6,34,REGULAR SEASON STATS,W,115,102
11/28/2016,ATL,W 105-100,38,6,17,4,11,9,11,3,3,0,2,2,3,25,REGULAR SEASON STATS,W,105,100
12/1/2016,HOU,L 127-132,38,9,22,4,13,6,6,3,5,1,3,6,5,28,REGULAR SEASON STATS,L,127,132
12/3/2016,PHX,W 138-109,30,10,15,5,7,6,6,2,1,0,1,2,3,31,REGULAR SEASON STATS,W,138,109
12/5/2016,IND,W 142-106,29,4,10,2,7,3,4,4,11,1,2,4,0,13,REGULAR SEASON STATS,W,142,106
12/7/2016,LAC,W 115-98,33,7,16,0,8,5,5,4,6,0,7,3,3,19,REGULAR SEASON STATS,W,115,98
12/8/2016,UTAH,W 106-99,36,7,16,3,9,9,9,5,2,0,2,2,3,26,REGULAR SEASON STATS,W,106,99
12/10/2016,MEM,L 89-110,31,4,14,3,11,6,6,8,3,0,0,3,4,17,REGULAR SEASON STATS,L,89,110
12/11/2016,MIN,W 116-108,32,6,13,2,5,8,8,4,9,0,1,3,0,22,REGULAR SEASON STATS,W,116,108
12/13/2016,NO,W 113-109,34,11,23,5,9,3,4,4,7,0,1,2,2,30,REGULAR SEASON STATS,W,113,109
12/15/2016,NY,W 103-90,34,3,14,2,8,0,0,10,8,0,1,0,3,8,REGULAR SEASON STATS,W,103,90
12/17/2016,POR,W 135-90,27,6,11,5,8,2,2,3,6,0,0,3,3,19,REGULAR SEASON STATS,W,135,90
12/20/2016,UTAH,W 104-74,30,8,18,4,9,5,5,3,4,0,3,0,0,25,REGULAR SEASON STATS,W,104,74
12/22/2016,BKN,W 117-101,33,6,19,3,13,0,0,2,7,0,5,5,2,15,REGULAR SEASON STATS,W,117,101
12/23/2016,DET,W 119-113,35,7,16,5,10,6,6,3,8,0,2,1,5,25,REGULAR SEASON STATS,W,119,113
12/25/2016,CLE,L 108-109,37,4,11,2,7,5,6,3,3,0,3,4,3,15,REGULAR SEASON STATS,L,108,109
12/28/2016,TOR,W 121-111,36,9,18,3,6,7,7,7,7,0,0,3,2,28,REGULAR SEASON STATS,W,121,111
12/30/2016,DAL,W 108-99,30,5,12,3,6,1,1,4,5,0,1,2,1,14,REGULAR SEASON STATS,W,108,99
1/2/2017,DEN,W 127-119,35,8,18,3,9,3,3,3,5,0,0,2,3,22,REGULAR SEASON STATS,W,127,119
1/4/2017,POR,W 125-117,36,12,25,5,13,6,8,7,5,0,1,1,5,35,REGULAR SEASON STATS,W,125,117
1/6/2017,MEM,L 119-128,42,15,27,5,13,5,5,3,6,1,1,2,4,40,REGULAR SEASON STATS,L,119,128
1/8/2017,SAC,W 117-106,37,11,22,5,11,3,3,4,6,0,2,3,4,30,REGULAR SEASON STATS,W,117,106
1/10/2017,MIA,W 107-95,36,8,21,4,11,4,5,8,9,1,1,0,3,24,REGULAR SEASON STATS,W,107,95
1/12/2017,DET,W 127-107,30,9,17,3,9,3,3,2,7,0,5,0,8,24,REGULAR SEASON STATS,W,127,107
1/16/2017,CLE,W 126-91,31,7,20,5,12,1,2,2,11,0,4,2,3,20,REGULAR SEASON STATS,W,126,91
1/18/2017,OKC,W 121-100,34,9,19,2,6,4,4,4,8,0,3,0,3,24,REGULAR SEASON STATS,W,121,100
1/20/2017,HOU,W 125-108,33,8,18,5,11,3,5,1,7,0,1,1,1,24,REGULAR SEASON STATS,W,125,108
1/22/2017,ORL,W 118-98,30,8,15,7,13,4,4,4,6,0,0,2,3,27,REGULAR SEASON STATS,W,118,98
1/23/2017,MIA,L 102-105,37,7,19,3,9,4,5,9,8,1,0,2,4,21,REGULAR SEASON STATS,L,102,105
1/25/2017,CHA,W 113-103,36,11,23,6,12,0,0,2,7,1,1,2,4,28,REGULAR SEASON STATS,W,113,103
1/28/2017,LAC,W 144-98,29,15,23,9,15,4,4,9,6,0,0,1,2,43,REGULAR SEASON STATS,W,144,98
1/29/2017,POR,W 113-111,0,0,0,0,0,0,0,0,0,0,0,0,0,0,REGULAR SEASON STATS,W,113,111
2/1/2017,CHA,W 126-111,30,14,20,11,15,0,0,5,8,0,3,2,1,39,REGULAR SEASON STATS,W,126,111
2/2/2017,LAC,W 133-120,37,11,23,3,10,4,4,3,11,0,3,1,4,29,REGULAR SEASON STATS,W,133,120
2/4/2017,SAC,L 106-109,42,11,20,8,14,5,6,4,9,0,3,2,3,35,REGULAR SEASON STATS,L,106,109
2/8/2017,CHI,W 123-92,28,5,11,1,4,2,2,1,6,0,1,4,2,13,REGULAR SEASON STATS,W,123,92
2/10/2017,MEM,W 122-107,35,6,13,2,6,4,5,4,5,0,0,3,3,18,REGULAR SEASON STATS,W,122,107
2/11/2017,OKC,W 130-114,34,9,19,4,11,4,4,8,9,0,2,2,0,26,REGULAR SEASON STATS,W,130,114
2/13/2017,DEN,L 110-132,27,4,18,1,11,2,2,2,5,0,1,1,1,11,REGULAR SEASON STATS,L,110,132
2/15/2017,SAC,W 109-86,30,4,14,2,8,3,4,6,9,2,0,2,3,13,REGULAR SEASON STATS,W,109,86
2/19/2017,EAST,W 192-182,28,8,16,5,11,0,0,4,6,0,1,3,0,21,REGULAR SEASON STATS,W,192,182
2/23/2017,LAC,W 123-113,32,10,16,6,10,9,10,7,5,0,4,5,4,35,REGULAR SEASON STATS,W,123,113
2/25/2017,BKN,W 112-95,35,9,21,5,10,4,4,5,5,0,3,2,4,27,REGULAR SEASON STATS,W,112,95
2/27/2017,PHI,W 119-108,35,7,23,0,11,5,5,4,6,0,2,2,4,19,REGULAR SEASON STATS,W,119,108
2/28/2017,WSH,L 108-112,34,9,20,2,9,5,6,7,4,0,2,3,5,25,REGULAR SEASON STATS,L,108,112
3/2/2017,CHI,L 87-94,35,10,27,2,11,1,1,6,5,0,5,4,4,23,REGULAR SEASON STATS,L,87,94
3/5/2017,NY,W 112-105,37,11,24,5,13,4,6,8,6,0,2,2,2,31,REGULAR SEASON STATS,W,112,105
3/6/2017,ATL,W 119-111,35,8,20,6,15,2,3,4,9,0,0,4,2,24,REGULAR SEASON STATS,W,119,111
3/8/2017,BOS,L 86-99,35,8,16,2,9,5,5,5,6,1,0,4,4,23,REGULAR SEASON STATS,L,86,99
3/10/2017,MIN,L 102-103,35,10,27,1,8,5,5,6,7,0,1,4,6,26,REGULAR SEASON STATS,L,102,103
3/11/2017,SA,L 85-107,0,0,0,0,0,0,0,0,0,0,0,0,0,0,REGULAR SEASON STATS,L,85,107
3/14/2017,PHI,W 106-104,37,8,23,5,13,8,8,6,5,0,3,3,5,29,REGULAR SEASON STATS,W,106,104
3/16/2017,ORL,W 122-92,28,8,15,2,7,7,7,1,9,0,3,1,2,25,REGULAR SEASON STATS,W,122,92
3/18/2017,MIL,W 117-92,30,9,13,6,8,4,4,4,4,1,1,3,3,28,REGULAR SEASON STATS,W,117,92
3/20/2017,OKC,W 111-95,30,8,17,7,12,0,0,4,6,0,0,3,5,23,REGULAR SEASON STATS,W,111,95
3/21/2017,DAL,W 112-87,30,7,14,3,9,0,0,5,9,0,2,1,0,17,REGULAR SEASON STATS,W,112,87
3/24/2017,SAC,W 114-100,33,9,18,5,11,4,4,7,12,0,6,0,3,27,REGULAR SEASON STATS,W,114,100
3/26/2017,MEM,W 106-94,36,8,18,5,12,0,0,1,11,0,4,1,5,21,REGULAR SEASON STATS,W,106,94
3/28/2017,HOU,W 113-106,33,11,22,3,11,7,10,10,7,0,2,5,6,32,REGULAR SEASON STATS,W,113,106
3/29/2017,SA,W 110-98,35,9,20,4,8,7,7,4,11,0,1,5,2,29,REGULAR SEASON STATS,W,110,98
3/31/2017,HOU,W 107-98,35,8,18,4,9,4,5,7,5,0,2,4,2,24,REGULAR SEASON STATS,W,107,98
4/2/2017,WSH,W 139-115,36,15,22,9,14,3,3,1,8,0,1,3,1,42,REGULAR SEASON STATS,W,139,115
4/4/2017,MIN,W 121-107,30,7,18,3,8,2,4,3,9,2,3,2,3,19,REGULAR SEASON STATS,W,121,107
4/5/2017,PHX,W 120-111,35,15,25,8,12,4,7,4,11,2,2,0,3,42,REGULAR SEASON STATS,W,120,111
4/8/2017,NO,W 123-101,0,0,0,0,0,0,0,0,0,0,0,0,0,0,REGULAR SEASON STATS,W,123,101
4/10/2017,UTAH,L 99-105,30,9,16,6,8,4,5,4,4,0,1,1,1,28,REGULAR SEASON STATS,L,99,105
4/12/2017,LAL,W 109-94,28,6,17,5,14,3,4,5,8,0,2,1,5,20,REGULAR SEASON STATS,W,109,94
4/16/2017,POR,W 121-109,36,9,19,3,8,8,8,5,4,1,1,5,5,29,Conference Quarterfinals,W,121,109
4/19/2017,POR,W 110-81,31,6,18,4,12,3,5,5,6,1,4,1,4,19,Conference Quarterfinals,W,110,81
4/22/2017,POR,W 119-113,39,10,25,5,14,9,10,4,8,1,2,1,1,34,Conference Quarterfinals,W,119,113
4/24/2017,POR,W 128-103,30,12,20,7,11,6,7,7,8,0,1,0,4,37,Conference Quarterfinals,W,128,103
5/2/2017,UTAH,W 106-94,30,7,11,1,4,7,7,7,5,0,1,1,4,22,Conference Semifinals,W,106,94
5/4/2017,UTAH,W 115-104,38,8,15,5,8,2,2,4,6,0,2,3,3,23,Conference Semifinals,W,115,104
5/6/2017,UTAH,W 102-91,37,6,20,3,11,8,9,5,4,0,0,2,0,23,Conference Semifinals,W,102,91
5/8/2017,UTAH,W 121-95,35,9,15,4,10,8,8,5,7,1,0,2,2,30,Conference Semifinals,W,121,95
5/14/2017,SA,W 113-111,39,14,26,7,16,5,7,7,3,0,3,0,3,40,Conference Finals,W,113,111
5/16/2017,SA,W 136-100,31,8,13,6,9,7,7,7,7,0,3,3,2,29,Conference Finals,W,136,100
5/20/2017,SA,W 120-108,34,8,15,3,7,2,2,5,3,0,6,3,5,21,Conference Finals,W,120,108
5/22/2017,SA,W 129-115,34,14,24,5,13,3,3,5,6,0,0,2,6,36,Conference Finals,W,129,115
6/1/2017,CLE,W 113-91,34,11,22,6,11,0,0,6,10,0,3,3,2,28,NBA Finals,W,113,91
6/4/2017,CLE,W 132-113,36,7,17,4,11,14,14,10,11,0,1,3,8,32,NBA Finals,W,132,113
6/7/2017,CLE,W 118-113,39,8,19,5,9,5,5,13,6,0,2,3,1,26,NBA Finals,W,118,113
6/9/2017,CLE,L 116-137,38,4,13,2,9,4,5,5,10,0,2,2,4,14,NBA Finals,L,116,137
6/12/2017,CLE,W 129-120,41,10,20,2,9,12,15,6,10,0,3,3,4,34,NBA Finals,W,129,120
9/30/2017,DEN,L 102-108,24,3,12,1,7,4,4,4,2,0,1,0,1,11,,L,102,108
10/5/2017,MIN,L 97-111,24,5,9,3,6,1,2,6,4,1,0,5,3,14,,L,97,111
10/8/2017,MIN,W 142-110,31,13,20,6,9,8,9,6,8,0,3,3,1,40,,W,142,110
10/13/2017,SAC,W 117-106,19,6,12,4,6,2,2,3,3,0,1,0,1,18,,W,117,106
10/17/2017,HOU,L 121-122,30,8,18,3,9,3,3,5,4,0,1,4,2,22,REGULAR SEASON STATS,L,121,122
10/20/2017,NO,W 128-120,35,7,16,4,11,10,10,3,8,0,0,1,1,28,REGULAR SEASON STATS,W,128,120
10/21/2017,MEM,L 101-111,30,9,17,6,11,13,13,6,3,0,0,5,2,37,REGULAR SEASON STATS,L,101,111
10/23/2017,DAL,W 133-103,31,7,15,2,10,13,13,2,8,0,4,1,6,29,REGULAR SEASON STATS,W,133,103
10/25/2017,TOR,W 117-112,38,9,20,4,11,8,8,4,5,1,3,2,2,30,REGULAR SEASON STATS,W,117,112
10/27/2017,WSH,W 120-117,36,7,19,3,13,3,3,5,8,0,2,2,2,20,REGULAR SEASON STATS,W,120,117
10/29/2017,DET,L 107-115,35,11,17,3,7,2,3,6,8,0,1,3,5,27,REGULAR SEASON STATS,L,107,115
10/30/2017,LAC,W 141-113,30,9,14,7,11,6,8,5,6,1,2,3,1,31,REGULAR SEASON STATS,W,141,113
11/2/2017,SA,W 112-92,32,7,13,3,4,4,4,8,5,0,3,2,2,21,REGULAR SEASON STATS,W,112,92
11/4/2017,DEN,W 127-108,30,7,14,5,10,3,4,0,11,0,2,0,3,22,REGULAR SEASON STATS,W,127,108
11/6/2017,MIA,W 97-80,34,5,19,2,9,4,5,5,4,0,2,3,1,16,REGULAR SEASON STATS,W,97,80
11/8/2017,MIN,W 125-101,30,7,16,2,7,6,6,8,8,1,2,2,5,22,REGULAR SEASON STATS,W,125,101
11/11/2017,PHI,W 135-114,30,5,12,3,8,9,9,4,9,0,1,0,2,22,REGULAR SEASON STATS,W,135,114
11/13/2017,ORL,W 110-100,0,0,0,0,0,0,0,0,0,0,0,0,0,0,REGULAR SEASON STATS,W,110,100
11/16/2017,BOS,L 88-92,31,3,14,2,9,1,2,6,5,0,4,5,4,9,REGULAR SEASON STATS,L,88,92
11/18/2017,PHI,W 124-116,35,11,22,4,9,9,9,5,5,1,0,1,2,35,REGULAR SEASON STATS,W,124,116
11/19/2017,BKN,W 118-111,33,14,24,4,10,7,8,11,7,0,3,6,7,39,REGULAR SEASON STATS,W,118,111
11/22/2017,OKC,L 91-108,31,9,18,3,8,3,3,5,6,0,1,1,6,24,REGULAR SEASON STATS,L,91,108
11/24/2017,CHI,W 143-94,27,10,18,4,11,9,9,7,4,0,2,2,2,33,REGULAR SEASON STATS,W,143,94
11/25/2017,NO,W 110-95,36,9,25,3,13,6,6,4,6,0,1,2,1,27,REGULAR SEASON STATS,W,110,95
11/27/2017,SAC,L 106-110,0,0,0,0,0,0,0,0,0,0,0,0,0,0,REGULAR SEASON STATS,L,106,110
11/29/2017,LAL,W 127-123,39,9,20,3,9,7,8,5,7,0,0,4,5,28,REGULAR SEASON STATS,W,127,123
12/1/2017,ORL,W 133-112,33,9,20,3,8,2,2,6,10,0,3,2,4,23,REGULAR SEASON STATS,W,133,112
12/3/2017,MIA,W 123-95,30,11,16,5,9,3,4,2,3,0,2,1,0,30,REGULAR SEASON STATS,W,123,95
12/4/2017,NO,W 125-115,34,9,19,5,11,8,9,5,11,0,1,5,2,31,REGULAR SEASON STATS,W,125,115
12/6/2017,CHA,W 101-87,0,0,0,0,0,0,0,0,0,0,0,0,0,0,REGULAR SEASON STATS,W,101,87
12/8/2017,DET,W 102-98,0,0,0,0,0,0,0,0,0,0,0,0,0,0,REGULAR SEASON STATS,W,102,98
12/11/2017,POR,W 111-104,0,0,0,0,0,0,0,0,0,0,0,0,0,0,REGULAR SEASON STATS,W,111,104
12/14/2017,DAL,W 112-97,0,0,0,0,0,0,0,0,0,0,0,0,0,0,REGULAR SEASON STATS,W,112,97
12/18/2017,LAL,W 116-114,0,0,0,0,0,0,0,0,0,0,0,0,0,0,REGULAR SEASON STATS,W,116,114
12/20/2017,MEM,W 97-84,0,0,0,0,0,0,0,0,0,0,0,0,0,0,REGULAR SEASON STATS,W,97,84
12/22/2017,LAL,W 113-106,0,0,0,0,0,0,0,0,0,0,0,0,0,0,REGULAR SEASON STATS,W,113,106
12/23/2017,DEN,L 81-96,0,0,0,0,0,0,0,0,0,0,0,0,0,0,REGULAR SEASON STATS,L,81,96
12/25/2017,CLE,W 99-92,0,0,0,0,0,0,0,0,0,0,0,0,0,0,REGULAR SEASON STATS,W,99,92
12/27/2017,UTAH,W 126-101,0,0,0,0,0,0,0,0,0,0,0,0,0,0,REGULAR SEASON STATS,W,126,101
12/29/2017,CHA,L 100-111,0,0,0,0,0,0,0,0,0,0,0,0,0,0,REGULAR SEASON STATS,L,100,111
12/30/2017,MEM,W 141-128,26,13,17,10,13,2,2,4,3,0,0,2,0,38,REGULAR SEASON STATS,W,141,128
1/3/2018,DAL,W 125-122,34,11,19,6,13,4,5,5,8,0,1,1,3,32,REGULAR SEASON STATS,W,125,122
1/4/2018,HOU,W 124-114,37,10,20,4,10,5,6,9,5,0,1,3,3,29,REGULAR SEASON STATS,W,124,114
1/6/2018,LAC,W 121-105,30,11,21,8,16,15,16,6,3,0,3,2,2,45,REGULAR SEASON STATS,W,121,105
1/8/2018,DEN,W 124-114,35,9,17,5,10,9,10,4,9,0,2,3,6,32,REGULAR SEASON STATS,W,124,114
1/10/2018,LAC,L 106-125,0,0,0,0,0,0,0,0,0,0,0,0,0,0,REGULAR SEASON STATS,L,106,125
1/12/2018,MIL,W 108-94,0,0,0,0,0,0,0,0,0,0,0,0,0,0,REGULAR SEASON STATS,W,108,94
1/13/2018,TOR,W 127-125,34,6,12,2,7,10,12,6,9,0,1,3,1,24,REGULAR SEASON STATS,W,127,125
1/15/2018,CLE,W 118-108,33,8,15,4,8,3,4,4,8,0,2,3,3,23,REGULAR SEASON STATS,W,118,108
1/17/2018,CHI,W 119-112,35,10,18,6,11,4,4,9,4,0,1,2,6,30,REGULAR SEASON STATS,W,119,112
1/20/2018,HOU,L 108-116,36,6,20,5,15,2,4,1,8,0,2,2,6,19,REGULAR SEASON STATS,L,108,116
1/23/2018,NY,W 123-112,33,9,19,8,15,6,6,6,7,0,0,2,1,32,REGULAR SEASON STATS,W,123,112
1/25/2018,MIN,W 126-113,37,9,14,5,9,2,3,5,9,0,3,2,2,25,REGULAR SEASON STATS,W,126,113
1/27/2018,BOS,W 109-105,37,16,24,8,13,9,10,4,5,0,2,2,1,49,REGULAR SEASON STATS,W,109,105
1/30/2018,UTAH,L 99-129,30,4,13,1,7,5,5,2,5,0,0,1,3,14,REGULAR SEASON STATS,L,99,129
2/2/2018,SAC,W 119-104,36,7,17,3,10,6,6,5,6,0,2,3,6,23,REGULAR SEASON STATS,W,119,104
2/3/2018,DEN,L 108-115,36,8,16,5,12,3,4,6,4,0,2,2,5,24,REGULAR SEASON STATS,L,108,115
2/6/2018,OKC,L 105-125,32,6,14,2,9,7,7,5,5,1,1,3,3,21,REGULAR SEASON STATS,L,105,125
2/8/2018,DAL,W 121-103,30,7,12,4,9,2,2,7,8,0,0,1,4,20,REGULAR SEASON STATS,W,121,103
2/10/2018,SA,W 122-105,29,7,13,3,7,0,0,4,8,0,2,0,2,17,REGULAR SEASON STATS,W,122,105
2/12/2018,PHX,W 129-83,30,8,17,3,9,3,3,9,7,1,0,3,3,22,REGULAR SEASON STATS,W,129,83
2/14/2018,POR,L 117-123,34,6,17,3,10,2,2,4,6,0,3,4,7,17,REGULAR SEASON STATS,L,117,123
2/18/2018,LEB,L 145-148,27,4,14,3,11,0,0,6,5,0,1,0,6,11,REGULAR SEASON STATS,L,145,148
2/22/2018,LAC,W 134-127,37,14,19,8,11,8,8,6,10,0,2,4,4,44,REGULAR SEASON STATS,W,134,127
2/24/2018,OKC,W 112-80,30,8,19,5,12,0,0,9,6,0,3,2,2,21,REGULAR SEASON STATS,W,112,80
2/26/2018,NY,W 125-111,30,8,16,4,9,1,1,5,5,0,0,1,3,21,REGULAR SEASON STATS,W,125,111
2/28/2018,WSH,W 109-101,35,5,15,4,9,11,12,5,3,0,2,3,6,25,REGULAR SEASON STATS,W,109,101
3/2/2018,ATL,W 114-109,24,8,15,4,9,8,8,1,3,0,2,0,0,28,REGULAR SEASON STATS,W,114,109
3/6/2018,BKN,W 114-101,34,12,20,6,12,4,5,6,4,1,3,2,3,34,REGULAR SEASON STATS,W,114,101
3/8/2018,SA,W 110-107,2,0,1,0,0,2,2,0,0,0,0,0,0,2,REGULAR SEASON STATS,W,110,107
3/9/2018,POR,L 108-125,0,0,0,0,0,0,0,0,0,0,0,0,0,0,REGULAR SEASON STATS,L,108,125
3/11/2018,MIN,L 103-109,0,0,0,0,0,0,0,0,0,0,0,0,0,0,REGULAR SEASON STATS,L,103,109
3/14/2018,LAL,W 117-106,0,0,0,0,0,0,0,0,0,0,0,0,0,0,REGULAR SEASON STATS,W,117,106
3/16/2018,SAC,L 93-98,0,0,0,0,0,0,0,0,0,0,0,0,0,0,REGULAR SEASON STATS,L,93,98
3/17/2018,PHX,W 124-109,0,0,0,0,0,0,0,0,0,0,0,0,0,0,REGULAR SEASON STATS,W,124,109
3/19/2018,SA,L 75-89,0,0,0,0,0,0,0,0,0,0,0,0,0,0,REGULAR SEASON STATS,L,75,89
3/23/2018,ATL,W 106-94,25,10,18,3,8,6,6,7,1,1,0,1,1,29,REGULAR SEASON STATS,W,106,94
3/25/2018,UTAH,L 91-110,0,0,0,0,0,0,0,0,0,0,0,0,0,0,REGULAR SEASON STATS,L,91,110
3/27/2018,IND,L 81-92,0,0,0,0,0,0,0,0,0,0,0,0,0,0,REGULAR SEASON STATS,L,81,92
3/29/2018,MIL,L 107-116,0,0,0,0,0,0,0,0,0,0,0,0,0,0,REGULAR SEASON STATS,L,107,116
3/31/2018,SAC,W 112-96,0,0,0,0,0,0,0,0,0,0,0,0,0,0,REGULAR SEASON STATS,W,112,96
4/1/2018,PHX,W 117-107,0,0,0,0,0,0,0,0,0,0,0,0,0,0,REGULAR SEASON STATS,W,117,107
4/3/2018,OKC,W 111-107,0,0,0,0,0,0,0,0,0,0,0,0,0,0,REGULAR SEASON STATS,W,111,107
4/5/2018,IND,L 106-126,0,0,0,0,0,0,0,0,0,0,0,0,0,0,REGULAR SEASON STATS,L,106,126
4/7/2018,NO,L 120-126,0,0,0,0,0,0,0,0,0,0,0,0,0,0,REGULAR SEASON STATS,L,120,126
4/8/2018,PHX,W 117-100,0,0,0,0,0,0,0,0,0,0,0,0,0,0,REGULAR SEASON STATS,W,117,100
4/10/2018,UTAH,L 79-119,0,0,0,0,0,0,0,0,0,0,0,0,0,0,REGULAR SEASON STATS,L,79,119
4/14/2018,SA,W 113-92,0,0,0,0,0,0,0,0,0,0,0,0,0,0,Conference Quarterfinals,W,113,92
4/16/2018,SA,W 116-101,0,0,0,0,0,0,0,0,0,0,0,0,0,0,Conference Quarterfinals,W,116,101
4/19/2018,SA,W 110-97,0,0,0,0,0,0,0,0,0,0,0,0,0,0,Conference Quarterfinals,W,110,97
4/22/2018,SA,L 90-103,0,0,0,0,0,0,0,0,0,0,0,0,0,0,Conference Quarterfinals,L,90,103
4/24/2018,SA,W 99-91,0,0,0,0,0,0,0,0,0,0,0,0,0,0,Conference Quarterfinals,W,99,91
4/28/2018,NO,W 123-101,0,0,0,0,0,0,0,0,0,0,0,0,0,0,Conference Semifinals,W,123,101
5/1/2018,NO,W 121-116,27,8,15,5,10,7,7,7,2,0,3,2,6,28,Conference Semifinals,W,121,116
5/4/2018,NO,L 100-119,29,6,19,3,9,4,4,6,2,2,4,1,3,19,Conference Semifinals,L,100,119
5/6/2018,NO,W 118-92,32,8,17,4,9,3,3,1,2,0,0,1,2,23,Conference Semifinals,W,118,92
5/8/2018,NO,W 113-104,37,10,16,3,6,5,5,7,8,0,1,2,4,28,Conference Semifinals,W,113,104
5/14/2018,HOU,W 119-106,35,8,15,1,5,1,2,6,8,1,2,5,1,18,Conference Finals,W,119,106
5/16/2018,HOU,L 105-127,34,7,19,1,8,1,1,7,7,0,0,3,2,16,Conference Finals,L,105,127
5/20/2018,HOU,W 126-85,34,13,23,5,12,4,4,6,1,1,0,2,1,35,Conference Finals,W,126,85
5/22/2018,HOU,L 92-95,39,10,26,6,13,2,2,6,2,0,2,3,3,28,Conference Finals,L,92,95
5/24/2018,HOU,L 94-98,41,8,17,2,8,4,5,7,6,0,4,2,3,22,Conference Finals,L,94,98
5/26/2018,HOU,W 115-86,40,12,23,5,14,0,0,5,6,3,0,2,2,29,Conference Finals,W,115,86
5/28/2018,HOU,W 101-92,44,10,22,7,15,0,0,9,10,1,4,4,5,27,Conference Finals,W,101,92
5/31/2018,CLE,W 124-114,46,11,23,5,11,2,2,6,9,0,1,1,2,29,NBA Finals,W,124,114
6/3/2018,CLE,W 122-103,38,11,26,9,17,2,2,7,8,0,1,3,5,33,NBA Finals,W,122,103
6/6/2018,CLE,W 110-102,39,3,16,1,10,4,4,5,6,0,1,3,2,11,NBA Finals,W,110,102
6/8/2018,CLE,W 108-85,39,12,27,7,15,6,6,6,4,3,3,4,2,37,NBA Finals,W,108,85
9/29/2018,MIN,L 110-114,20,7,11,5,9,2,2,2,4,1,1,2,1,21,,L,110,114
10/5/2018,SAC,W 122-94,0,0,0,0,0,0,0,0,0,0,0,0,0,0,,W,122,94
10/8/2018,PHX,L 109-117,24,8,14,3,8,4,4,0,4,0,1,3,5,23,,L,109,117
10/10/2018,LAL,L 113-123,26,6,11,2,3,9,9,3,5,0,2,3,5,23,,L,113,123
10/12/2018,LAL,L 105-119,12,5,10,4,7,2,2,3,4,1,1,0,0,16,,L,105,119
10/16/2018,OKC,W 108-100,37,11,20,5,9,5,5,8,9,0,1,4,3,32,REGULAR SEASON STATS,W,108,100
10/19/2018,UTAH,W 124-123,37,13,24,5,9,0,1,4,8,0,2,2,4,31,REGULAR SEASON STATS,W,124,123
10/21/2018,DEN,L 98-100,39,10,23,6,16,4,4,4,6,0,0,4,2,30,REGULAR SEASON STATS,L,98,100
10/22/2018,PHX,W 123-103,30,11,18,6,13,1,2,4,8,0,2,0,3,29,REGULAR SEASON STATS,W,123,103
10/24/2018,WSH,W 144-122,32,15,24,11,16,10,10,4,3,1,0,1,2,51,REGULAR SEASON STATS,W,144,122
10/26/2018,NY,W 128-100,33,10,18,6,11,3,3,4,2,0,1,2,3,29,REGULAR SEASON STATS,W,128,100
10/28/2018,BKN,W 120-114,36,11,26,7,15,6,7,7,3,0,1,1,2,35,REGULAR SEASON STATS,W,120,114
10/29/2018,CHI,W 149-124,25,7,9,2,4,7,7,8,5,1,3,3,1,23,REGULAR SEASON STATS,W,149,124
